-- phpMyAdmin SQL Dump
-- version 5.1.1
-- https://www.phpmyadmin.net/
--
-- Host: localhost
-- Generation Time: Jan 15, 2022 at 06:53 AM
-- Server version: 10.1.47-MariaDB
-- PHP Version: 7.2.30

SET SQL_MODE = "NO_AUTO_VALUE_ON_ZERO";
START TRANSACTION;
SET time_zone = "+00:00";


/*!40101 SET @OLD_CHARACTER_SET_CLIENT=@@CHARACTER_SET_CLIENT */;
/*!40101 SET @OLD_CHARACTER_SET_RESULTS=@@CHARACTER_SET_RESULTS */;
/*!40101 SET @OLD_COLLATION_CONNECTION=@@COLLATION_CONNECTION */;
/*!40101 SET NAMES utf8mb4 */;

--
-- Database: `devclub_mydoor`
--

-- --------------------------------------------------------

--
-- Table structure for table `activity_log`
--

CREATE TABLE `activity_log` (
  `id` int(11) NOT NULL,
  `society_id` varchar(255) NOT NULL,
  `block_id` varchar(255) NOT NULL,
  `flat_id` varchar(255) NOT NULL,
  `text` longtext NOT NULL,
  `status` int(11) NOT NULL DEFAULT '1',
  `created_at` timestamp NOT NULL DEFAULT CURRENT_TIMESTAMP,
  `updated_at` timestamp NOT NULL DEFAULT CURRENT_TIMESTAMP
) ENGINE=InnoDB DEFAULT CHARSET=latin1;

-- --------------------------------------------------------

--
-- Table structure for table `admins`
--

CREATE TABLE `admins` (
  `id` int(11) NOT NULL,
  `name` varchar(255) DEFAULT NULL,
  `username` varchar(255) DEFAULT NULL,
  `email` varchar(255) DEFAULT NULL,
  `role_id` int(11) DEFAULT NULL COMMENT '0=>superadmin',
  `password` varchar(255) DEFAULT NULL,
  `phone` varchar(255) DEFAULT NULL,
  `address` varchar(255) DEFAULT NULL,
  `rember_token` varchar(255) DEFAULT NULL,
  `status` int(11) NOT NULL DEFAULT '1',
  `created_at` timestamp NOT NULL DEFAULT CURRENT_TIMESTAMP,
  `updated_at` timestamp NOT NULL DEFAULT CURRENT_TIMESTAMP,
  `image` varchar(255) DEFAULT NULL,
  `society_id` int(11) NOT NULL,
  `state_id` int(11) NOT NULL,
  `city_id` int(11) NOT NULL,
  `is_approve` int(11) NOT NULL,
  `remarks` text,
  `is_delete` int(11) DEFAULT '0',
  `added_by` int(11) DEFAULT NULL
) ENGINE=InnoDB DEFAULT CHARSET=latin1;

--
-- Dumping data for table `admins`
--

INSERT INTO `admins` (`id`, `name`, `username`, `email`, `role_id`, `password`, `phone`, `address`, `rember_token`, `status`, `created_at`, `updated_at`, `image`, `society_id`, `state_id`, `city_id`, `is_approve`, `remarks`, `is_delete`, `added_by`) VALUES
(1, 'Super Admin', 'admin', 'admin@gmail.com', 0, '$2y$10$6YXBXWOIzqXpyvvnnqY/5uoc84LryRYEC4YoAUuKctJZVgi3oSKdC', '123456789', 'Noida,UP', NULL, 1, '2021-08-04 11:28:13', '2021-12-27 04:50:27', '271221102027-logoooo.png', 0, 0, 0, 1, NULL, 0, 0),
(2, 'Admin', 'adminnew', 'adminnew@gmail.com', 1, '$2y$10$deeyezytM27wOSRFxY9ulOCCuCteSTCkXuZ/lgQujgSVppISgvR6S', '123456789', 'Noida,UP', NULL, 1, '2021-08-04 11:28:13', '2021-10-28 02:02:51', '281021073251-car.jpeg', 1, 6, 182, 1, NULL, 0, 1),
(3, 'Satyanarayan Sahoo', 'satya', 'satya@gmail.com', 2, '123456', '7751967175', 'Noida Utterpradesh', NULL, 1, '2021-09-08 07:04:49', '2021-09-09 03:08:43', NULL, 0, 9, 203, 1, NULL, 0, 1),
(4, 'asdasd', 'adminsadsad', 'sadasd', 1, '$2y$10$lN6gtCZQ8IhDKyb/apYaZezEs3oPHMmem.ZfM.EQlFSh.LcZf3IJ.', 'sadsad', 'sadasd', NULL, 1, '2021-09-10 01:06:41', '2021-09-30 06:50:57', NULL, 1, 10, 206, 1, NULL, 0, NULL),
(5, 'Satya', 'satyasahoo', 'satyannn@gmail.com', 1, '$2y$10$WqePsDvuUC6gN9Wz4Edly.hPLsQ6jJaqwAMhtukk4xWModsa0l23W', '1234561234', 'noida', NULL, 1, '2021-10-29 03:05:50', '2021-12-10 00:58:17', '101221062817-061221053104-img2.jpg', 2, 9, 204, 1, NULL, 0, NULL);

-- --------------------------------------------------------

--
-- Table structure for table `banners`
--

CREATE TABLE `banners` (
  `id` int(11) NOT NULL,
  `title` varchar(255) DEFAULT NULL,
  `image` varchar(255) DEFAULT NULL,
  `society_id` varchar(255) DEFAULT NULL,
  `status` int(11) NOT NULL DEFAULT '1',
  `created_at` timestamp NOT NULL DEFAULT CURRENT_TIMESTAMP,
  `updated_at` timestamp NOT NULL DEFAULT CURRENT_TIMESTAMP
) ENGINE=InnoDB DEFAULT CHARSET=latin1;

--
-- Dumping data for table `banners`
--

INSERT INTO `banners` (`id`, `title`, `image`, `society_id`, `status`, `created_at`, `updated_at`) VALUES
(1, 'new year eve', 'download.jpg', '1', 1, '2022-01-04 06:03:58', '2022-01-04 06:03:58'),
(2, 'banner 1', 'image1.jpg', '1', 1, '2022-01-04 06:03:58', '2022-01-04 06:03:58');

-- --------------------------------------------------------

--
-- Table structure for table `billings`
--

CREATE TABLE `billings` (
  `id` int(11) NOT NULL,
  `flat_id` varchar(255) DEFAULT NULL,
  `society_id` varchar(255) DEFAULT NULL,
  `month` varchar(255) DEFAULT NULL,
  `user_id` varchar(255) DEFAULT NULL,
  `type` varchar(255) DEFAULT NULL,
  `year` varchar(255) DEFAULT NULL,
  `description` longtext,
  `cost` varchar(255) DEFAULT NULL,
  `status` varchar(255) DEFAULT 'pending',
  `txn_no` varchar(255) DEFAULT NULL,
  `paid_by` varchar(255) DEFAULT NULL,
  `created_at` timestamp NOT NULL DEFAULT CURRENT_TIMESTAMP,
  `updated_at` timestamp NOT NULL DEFAULT CURRENT_TIMESTAMP
) ENGINE=InnoDB DEFAULT CHARSET=latin1;

--
-- Dumping data for table `billings`
--

INSERT INTO `billings` (`id`, `flat_id`, `society_id`, `month`, `user_id`, `type`, `year`, `description`, `cost`, `status`, `txn_no`, `paid_by`, `created_at`, `updated_at`) VALUES
(1, '1', '1', '2', '5', 'ERFS', '2022', NULL, '200', 'paid', 'pay_IfbXPrr1Rb3ltC', 'adi', '2022-01-04 08:47:09', '2022-01-04 08:48:23'),
(2, '2', '2', '1', '2', 'Maintainance', '2022', NULL, '300', 'paid', 'pay_IjZO9QApry79GT', 'Shubham Sharma', '2022-01-14 09:15:34', '2022-01-14 09:18:23'),
(3, '2', '2', '2', '2', 'Maintainance', '2022', NULL, '300', 'pending', NULL, NULL, '2022-01-14 09:17:18', '2022-01-14 09:17:18');

-- --------------------------------------------------------

--
-- Table structure for table `blocks`
--

CREATE TABLE `blocks` (
  `id` int(11) NOT NULL,
  `society_id` int(11) DEFAULT NULL,
  `name` varchar(255) NOT NULL,
  `status` int(11) NOT NULL,
  `added_by` int(11) NOT NULL,
  `created_at` timestamp NOT NULL DEFAULT CURRENT_TIMESTAMP,
  `updated_at` timestamp NOT NULL DEFAULT CURRENT_TIMESTAMP
) ENGINE=InnoDB DEFAULT CHARSET=latin1;

--
-- Dumping data for table `blocks`
--

INSERT INTO `blocks` (`id`, `society_id`, `name`, `status`, `added_by`, `created_at`, `updated_at`) VALUES
(1, 1, 'Tower-A', 1, 1, '2021-12-28 10:38:33', '2021-12-28 10:38:33'),
(2, 2, 'Tower-B', 1, 1, '2022-01-07 11:41:06', '2022-01-07 11:41:06');

-- --------------------------------------------------------

--
-- Table structure for table `booking_request`
--

CREATE TABLE `booking_request` (
  `id` int(11) NOT NULL,
  `user_id` varchar(255) DEFAULT NULL,
  `type` varchar(255) DEFAULT NULL,
  `description` longtext,
  `start` timestamp NULL DEFAULT NULL,
  `end` timestamp NULL DEFAULT NULL,
  `extension` varchar(255) DEFAULT NULL,
  `status` int(11) NOT NULL DEFAULT '1',
  `file` varchar(255) DEFAULT NULL,
  `created_at` timestamp NOT NULL DEFAULT CURRENT_TIMESTAMP,
  `updated_at` timestamp NOT NULL DEFAULT CURRENT_TIMESTAMP
) ENGINE=InnoDB DEFAULT CHARSET=latin1;

-- --------------------------------------------------------

--
-- Table structure for table `chats`
--

CREATE TABLE `chats` (
  `id` int(11) NOT NULL,
  `user_id` varchar(255) DEFAULT NULL,
  `society_id` varchar(255) DEFAULT NULL,
  `text` longtext,
  `created_at` timestamp NOT NULL DEFAULT CURRENT_TIMESTAMP,
  `updated_at` timestamp NOT NULL DEFAULT CURRENT_TIMESTAMP
) ENGINE=InnoDB DEFAULT CHARSET=latin1;

--
-- Dumping data for table `chats`
--

INSERT INTO `chats` (`id`, `user_id`, `society_id`, `text`, `created_at`, `updated_at`) VALUES
(1, '3', '1', 'gff', '2021-12-28 16:33:50', '2021-12-28 16:33:50'),
(2, '3', '1', 'hello naveen', '2022-01-07 17:08:39', '2022-01-07 17:08:39'),
(3, '3', '1', 'jai ho', '2022-01-11 18:02:50', '2022-01-11 18:02:50'),
(4, '2', '1', 'fff', '2022-01-14 10:06:14', '2022-01-14 10:06:14');

-- --------------------------------------------------------

--
-- Table structure for table `cities`
--

CREATE TABLE `cities` (
  `id` int(11) NOT NULL,
  `name` varchar(255) NOT NULL,
  `state_id` int(11) NOT NULL,
  `status` int(11) NOT NULL DEFAULT '1',
  `created_at` timestamp NOT NULL DEFAULT CURRENT_TIMESTAMP,
  `updated_at` timestamp NOT NULL DEFAULT CURRENT_TIMESTAMP
) ENGINE=InnoDB DEFAULT CHARSET=utf8;

--
-- Dumping data for table `cities`
--

INSERT INTO `cities` (`id`, `name`, `state_id`, `status`, `created_at`, `updated_at`) VALUES
(1, 'Port Blair', 1, 1, '2021-06-24 03:32:19', '2021-06-24 03:32:19'),
(2, 'Visakhapatnam', 2, 1, '2021-06-24 03:32:19', '2021-06-24 03:32:19'),
(3, 'Vijayawada', 2, 1, '2021-06-24 03:32:19', '2021-06-24 03:32:19'),
(4, 'Guntur', 2, 1, '2021-06-24 03:32:19', '2021-06-24 03:32:19'),
(5, 'Nellore', 2, 1, '2021-06-24 03:32:19', '2021-06-24 03:32:19'),
(6, 'Kurnool', 2, 1, '2021-06-24 03:32:19', '2021-06-24 03:32:19'),
(7, 'Rajahmundry', 2, 1, '2021-06-24 03:32:19', '2021-06-24 03:32:19'),
(8, 'Kakinada', 2, 1, '2021-06-24 03:32:19', '2021-06-24 03:32:19'),
(9, 'Tirupati', 2, 1, '2021-06-24 03:32:19', '2021-06-24 03:32:19'),
(10, 'Anantapur', 2, 1, '2021-06-24 03:32:19', '2021-06-24 03:32:19'),
(11, 'Kadapa', 2, 1, '2021-06-24 03:32:19', '2021-06-24 03:32:19'),
(12, 'Vizianagaram', 2, 1, '2021-06-24 03:32:19', '2021-06-24 03:32:19'),
(13, 'Eluru', 2, 1, '2021-06-24 03:32:19', '2021-06-24 03:32:19'),
(14, 'Ongole', 2, 1, '2021-06-24 03:32:19', '2021-06-24 03:32:19'),
(15, 'Nandyal', 2, 1, '2021-06-24 03:32:19', '2021-06-24 03:32:19'),
(16, 'Machilipatnam', 2, 1, '2021-06-24 03:32:19', '2021-06-24 03:32:19'),
(17, 'Adoni', 2, 1, '2021-06-24 03:32:19', '2021-06-24 03:32:19'),
(18, 'Tenali', 2, 1, '2021-06-24 03:32:19', '2021-06-24 03:32:19'),
(19, 'Chittoor', 2, 1, '2021-06-24 03:32:19', '2021-06-24 03:32:19'),
(20, 'Hindupur', 2, 1, '2021-06-24 03:32:19', '2021-06-24 03:32:19'),
(21, 'Proddatur', 2, 1, '2021-06-24 03:32:19', '2021-06-24 03:32:19'),
(22, 'Bhimavaram', 2, 1, '2021-06-24 03:32:19', '2021-06-24 03:32:19'),
(23, 'Madanapalle', 2, 1, '2021-06-24 03:32:19', '2021-06-24 03:32:19'),
(24, 'Guntakal', 2, 1, '2021-06-24 03:32:19', '2021-06-24 03:32:19'),
(25, 'Dharmavaram', 2, 1, '2021-06-24 03:32:19', '2021-06-24 03:32:19'),
(26, 'Gudivada', 2, 1, '2021-06-24 03:32:19', '2021-06-24 03:32:19'),
(27, 'Srikakulam', 2, 1, '2021-06-24 03:32:19', '2021-06-24 03:32:19'),
(28, 'Narasaraopet', 2, 1, '2021-06-24 03:32:19', '2021-06-24 03:32:19'),
(29, 'Rajampet', 2, 1, '2021-06-24 03:32:19', '2021-06-24 03:32:19'),
(30, 'Tadpatri', 2, 1, '2021-06-24 03:32:19', '2021-06-24 03:32:19'),
(31, 'Tadepalligudem', 2, 1, '2021-06-24 03:32:19', '2021-06-24 03:32:19'),
(32, 'Chilakaluripet', 2, 1, '2021-06-24 03:32:19', '2021-06-24 03:32:19'),
(33, 'Yemmiganur', 2, 1, '2021-06-24 03:32:19', '2021-06-24 03:32:19'),
(34, 'Kadiri', 2, 1, '2021-06-24 03:32:19', '2021-06-24 03:32:19'),
(35, 'Chirala', 2, 1, '2021-06-24 03:32:19', '2021-06-24 03:32:19'),
(36, 'Anakapalle', 2, 1, '2021-06-24 03:32:19', '2021-06-24 03:32:19'),
(37, 'Kavali', 2, 1, '2021-06-24 03:32:19', '2021-06-24 03:32:19'),
(38, 'Palacole', 2, 1, '2021-06-24 03:32:19', '2021-06-24 03:32:19'),
(39, 'Sullurpeta', 2, 1, '2021-06-24 03:32:19', '2021-06-24 03:32:19'),
(40, 'Tanuku', 2, 1, '2021-06-24 03:32:19', '2021-06-24 03:32:19'),
(41, 'Rayachoti', 2, 1, '2021-06-24 03:32:19', '2021-06-24 03:32:19'),
(42, 'Srikalahasti', 2, 1, '2021-06-24 03:32:19', '2021-06-24 03:32:19'),
(43, 'Bapatla', 2, 1, '2021-06-24 03:32:19', '2021-06-24 03:32:19'),
(44, 'Naidupet', 2, 1, '2021-06-24 03:32:19', '2021-06-24 03:32:19'),
(45, 'Nagari', 2, 1, '2021-06-24 03:32:19', '2021-06-24 03:32:19'),
(46, 'Gudur', 2, 1, '2021-06-24 03:32:19', '2021-06-24 03:32:19'),
(47, 'Vinukonda', 2, 1, '2021-06-24 03:32:19', '2021-06-24 03:32:19'),
(48, 'Narasapuram', 2, 1, '2021-06-24 03:32:19', '2021-06-24 03:32:19'),
(49, 'Nuzvid', 2, 1, '2021-06-24 03:32:19', '2021-06-24 03:32:19'),
(50, 'Markapur', 2, 1, '2021-06-24 03:32:19', '2021-06-24 03:32:19'),
(51, 'Ponnur', 2, 1, '2021-06-24 03:32:19', '2021-06-24 03:32:19'),
(52, 'Kandukur', 2, 1, '2021-06-24 03:32:19', '2021-06-24 03:32:19'),
(53, 'Bobbili', 2, 1, '2021-06-24 03:32:19', '2021-06-24 03:32:19'),
(54, 'Rayadurg', 2, 1, '2021-06-24 03:32:19', '2021-06-24 03:32:19'),
(55, 'Samalkot', 2, 1, '2021-06-24 03:32:19', '2021-06-24 03:32:19'),
(56, 'Jaggaiahpet', 2, 1, '2021-06-24 03:32:19', '2021-06-24 03:32:19'),
(57, 'Tuni', 2, 1, '2021-06-24 03:32:19', '2021-06-24 03:32:19'),
(58, 'Amalapuram', 2, 1, '2021-06-24 03:32:19', '2021-06-24 03:32:19'),
(59, 'Bheemunipatnam', 2, 1, '2021-06-24 03:32:19', '2021-06-24 03:32:19'),
(60, 'Venkatagiri', 2, 1, '2021-06-24 03:32:19', '2021-06-24 03:32:19'),
(61, 'Sattenapalle', 2, 1, '2021-06-24 03:32:19', '2021-06-24 03:32:19'),
(62, 'Pithapuram', 2, 1, '2021-06-24 03:32:19', '2021-06-24 03:32:19'),
(63, 'Palasa Kasibugga', 2, 1, '2021-06-24 03:32:19', '2021-06-24 03:32:19'),
(64, 'Parvathipuram', 2, 1, '2021-06-24 03:32:19', '2021-06-24 03:32:19'),
(65, 'Macherla', 2, 1, '2021-06-24 03:32:19', '2021-06-24 03:32:19'),
(66, 'Gooty', 2, 1, '2021-06-24 03:32:19', '2021-06-24 03:32:19'),
(67, 'Salur', 2, 1, '2021-06-24 03:32:19', '2021-06-24 03:32:19'),
(68, 'Mandapeta', 2, 1, '2021-06-24 03:32:19', '2021-06-24 03:32:19'),
(69, 'Jammalamadugu', 2, 1, '2021-06-24 03:32:19', '2021-06-24 03:32:19'),
(70, 'Peddapuram', 2, 1, '2021-06-24 03:32:19', '2021-06-24 03:32:19'),
(71, 'Punganur', 2, 1, '2021-06-24 03:32:19', '2021-06-24 03:32:19'),
(72, 'Nidadavole', 2, 1, '2021-06-24 03:32:19', '2021-06-24 03:32:19'),
(73, 'Repalle', 2, 1, '2021-06-24 03:32:19', '2021-06-24 03:32:19'),
(74, 'Ramachandrapuram', 2, 1, '2021-06-24 03:32:19', '2021-06-24 03:32:19'),
(75, 'Kovvur', 2, 1, '2021-06-24 03:32:19', '2021-06-24 03:32:19'),
(76, 'Tiruvuru', 2, 1, '2021-06-24 03:32:19', '2021-06-24 03:32:19'),
(77, 'Uravakonda', 2, 1, '2021-06-24 03:32:19', '2021-06-24 03:32:19'),
(78, 'Narsipatnam', 2, 1, '2021-06-24 03:32:19', '2021-06-24 03:32:19'),
(79, 'Yerraguntla', 2, 1, '2021-06-24 03:32:19', '2021-06-24 03:32:19'),
(80, 'Pedana', 2, 1, '2021-06-24 03:32:19', '2021-06-24 03:32:19'),
(81, 'Puttur', 2, 1, '2021-06-24 03:32:19', '2021-06-24 03:32:19'),
(82, 'Renigunta', 2, 1, '2021-06-24 03:32:19', '2021-06-24 03:32:19'),
(83, 'Rajam', 2, 1, '2021-06-24 03:32:19', '2021-06-24 03:32:19'),
(84, 'Srisailam Project (Right Flank Colony) Township', 2, 1, '2021-06-24 03:32:19', '2021-06-24 03:32:19'),
(85, 'Naharlagun', 3, 1, '2021-06-24 03:32:19', '2021-06-24 03:32:19'),
(86, 'Pasighat', 3, 1, '2021-06-24 03:32:19', '2021-06-24 03:32:19'),
(87, 'Guwahati', 4, 1, '2021-06-24 03:32:19', '2021-06-24 03:32:19'),
(88, 'Silchar', 4, 1, '2021-06-24 03:32:19', '2021-06-24 03:32:19'),
(89, 'Dibrugarh', 4, 1, '2021-06-24 03:32:19', '2021-06-24 03:32:19'),
(90, 'Nagaon', 4, 1, '2021-06-24 03:32:19', '2021-06-24 03:32:19'),
(91, 'Tinsukia', 4, 1, '2021-06-24 03:32:19', '2021-06-24 03:32:19'),
(92, 'Jorhat', 4, 1, '2021-06-24 03:32:19', '2021-06-24 03:32:19'),
(93, 'Bongaigaon City', 4, 1, '2021-06-24 03:32:19', '2021-06-24 03:32:19'),
(94, 'Dhubri', 4, 1, '2021-06-24 03:32:19', '2021-06-24 03:32:19'),
(95, 'Diphu', 4, 1, '2021-06-24 03:32:19', '2021-06-24 03:32:19'),
(96, 'North Lakhimpur', 4, 1, '2021-06-24 03:32:19', '2021-06-24 03:32:19'),
(97, 'Tezpur', 4, 1, '2021-06-24 03:32:19', '2021-06-24 03:32:19'),
(98, 'Karimganj', 4, 1, '2021-06-24 03:32:19', '2021-06-24 03:32:19'),
(99, 'Sibsagar', 4, 1, '2021-06-24 03:32:19', '2021-06-24 03:32:19'),
(100, 'Goalpara', 4, 1, '2021-06-24 03:32:19', '2021-06-24 03:32:19'),
(101, 'Barpeta', 4, 1, '2021-06-24 03:32:19', '2021-06-24 03:32:19'),
(102, 'Lanka', 4, 1, '2021-06-24 03:32:19', '2021-06-24 03:32:19'),
(103, 'Lumding', 4, 1, '2021-06-24 03:32:19', '2021-06-24 03:32:19'),
(104, 'Mankachar', 4, 1, '2021-06-24 03:32:19', '2021-06-24 03:32:19'),
(105, 'Nalbari', 4, 1, '2021-06-24 03:32:19', '2021-06-24 03:32:19'),
(106, 'Rangia', 4, 1, '2021-06-24 03:32:19', '2021-06-24 03:32:19'),
(107, 'Margherita', 4, 1, '2021-06-24 03:32:19', '2021-06-24 03:32:19'),
(108, 'Mangaldoi', 4, 1, '2021-06-24 03:32:19', '2021-06-24 03:32:19'),
(109, 'Silapathar', 4, 1, '2021-06-24 03:32:19', '2021-06-24 03:32:19'),
(110, 'Mariani', 4, 1, '2021-06-24 03:32:19', '2021-06-24 03:32:19'),
(111, 'Marigaon', 4, 1, '2021-06-24 03:32:19', '2021-06-24 03:32:19'),
(112, 'Patna', 5, 1, '2021-06-24 03:32:19', '2021-06-24 03:32:19'),
(113, 'Gaya', 5, 1, '2021-06-24 03:32:19', '2021-06-24 03:32:19'),
(114, 'Bhagalpur', 5, 1, '2021-06-24 03:32:19', '2021-06-24 03:32:19'),
(115, 'Muzaffarpur', 5, 1, '2021-06-24 03:32:19', '2021-06-24 03:32:19'),
(116, 'Darbhanga', 5, 1, '2021-06-24 03:32:19', '2021-06-24 03:32:19'),
(117, 'Arrah', 5, 1, '2021-06-24 03:32:19', '2021-06-24 03:32:19'),
(118, 'Begusarai', 5, 1, '2021-06-24 03:32:19', '2021-06-24 03:32:19'),
(119, 'Chhapra', 5, 1, '2021-06-24 03:32:19', '2021-06-24 03:32:19'),
(120, 'Katihar', 5, 1, '2021-06-24 03:32:19', '2021-06-24 03:32:19'),
(121, 'Munger', 5, 1, '2021-06-24 03:32:19', '2021-06-24 03:32:19'),
(122, 'Purnia', 5, 1, '2021-06-24 03:32:19', '2021-06-24 03:32:19'),
(123, 'Saharsa', 5, 1, '2021-06-24 03:32:19', '2021-06-24 03:32:19'),
(124, 'Sasaram', 5, 1, '2021-06-24 03:32:19', '2021-06-24 03:32:19'),
(125, 'Hajipur', 5, 1, '2021-06-24 03:32:19', '2021-06-24 03:32:19'),
(126, 'Dehri-on-Sone', 5, 1, '2021-06-24 03:32:19', '2021-06-24 03:32:19'),
(127, 'Bettiah', 5, 1, '2021-06-24 03:32:19', '2021-06-24 03:32:19'),
(128, 'Motihari', 5, 1, '2021-06-24 03:32:19', '2021-06-24 03:32:19'),
(129, 'Bagaha', 5, 1, '2021-06-24 03:32:19', '2021-06-24 03:32:19'),
(130, 'Siwan', 5, 1, '2021-06-24 03:32:19', '2021-06-24 03:32:19'),
(131, 'Kishanganj', 5, 1, '2021-06-24 03:32:19', '2021-06-24 03:32:19'),
(132, 'Jamalpur', 5, 1, '2021-06-24 03:32:19', '2021-06-24 03:32:19'),
(133, 'Buxar', 5, 1, '2021-06-24 03:32:19', '2021-06-24 03:32:19'),
(134, 'Jehanabad', 5, 1, '2021-06-24 03:32:19', '2021-06-24 03:32:19'),
(135, 'Aurangabad', 5, 1, '2021-06-24 03:32:19', '2021-06-24 03:32:19'),
(136, 'Lakhisarai', 5, 1, '2021-06-24 03:32:19', '2021-06-24 03:32:19'),
(137, 'Nawada', 5, 1, '2021-06-24 03:32:19', '2021-06-24 03:32:19'),
(138, 'Jamui', 5, 1, '2021-06-24 03:32:19', '2021-06-24 03:32:19'),
(139, 'Sitamarhi', 5, 1, '2021-06-24 03:32:19', '2021-06-24 03:32:19'),
(140, 'Araria', 5, 1, '2021-06-24 03:32:19', '2021-06-24 03:32:19'),
(141, 'Gopalganj', 5, 1, '2021-06-24 03:32:19', '2021-06-24 03:32:19'),
(142, 'Madhubani', 5, 1, '2021-06-24 03:32:19', '2021-06-24 03:32:19'),
(143, 'Masaurhi', 5, 1, '2021-06-24 03:32:19', '2021-06-24 03:32:19'),
(144, 'Samastipur', 5, 1, '2021-06-24 03:32:19', '2021-06-24 03:32:19'),
(145, 'Mokameh', 5, 1, '2021-06-24 03:32:19', '2021-06-24 03:32:19'),
(146, 'Supaul', 5, 1, '2021-06-24 03:32:19', '2021-06-24 03:32:19'),
(147, 'Dumraon', 5, 1, '2021-06-24 03:32:19', '2021-06-24 03:32:19'),
(148, 'Arwal', 5, 1, '2021-06-24 03:32:19', '2021-06-24 03:32:19'),
(149, 'Forbesganj', 5, 1, '2021-06-24 03:32:19', '2021-06-24 03:32:19'),
(150, 'BhabUrban Agglomeration', 5, 1, '2021-06-24 03:32:19', '2021-06-24 03:32:19'),
(151, 'Narkatiaganj', 5, 1, '2021-06-24 03:32:19', '2021-06-24 03:32:19'),
(152, 'Naugachhia', 5, 1, '2021-06-24 03:32:19', '2021-06-24 03:32:19'),
(153, 'Madhepura', 5, 1, '2021-06-24 03:32:19', '2021-06-24 03:32:19'),
(154, 'Sheikhpura', 5, 1, '2021-06-24 03:32:19', '2021-06-24 03:32:19'),
(155, 'Sultanganj', 5, 1, '2021-06-24 03:32:19', '2021-06-24 03:32:19'),
(156, 'Raxaul Bazar', 5, 1, '2021-06-24 03:32:19', '2021-06-24 03:32:19'),
(157, 'Ramnagar', 5, 1, '2021-06-24 03:32:19', '2021-06-24 03:32:19'),
(158, 'Mahnar Bazar', 5, 1, '2021-06-24 03:32:19', '2021-06-24 03:32:19'),
(159, 'Warisaliganj', 5, 1, '2021-06-24 03:32:19', '2021-06-24 03:32:19'),
(160, 'Revelganj', 5, 1, '2021-06-24 03:32:19', '2021-06-24 03:32:19'),
(161, 'Rajgir', 5, 1, '2021-06-24 03:32:19', '2021-06-24 03:32:19'),
(162, 'Sonepur', 5, 1, '2021-06-24 03:32:19', '2021-06-24 03:32:19'),
(163, 'Sherghati', 5, 1, '2021-06-24 03:32:19', '2021-06-24 03:32:19'),
(164, 'Sugauli', 5, 1, '2021-06-24 03:32:19', '2021-06-24 03:32:19'),
(165, 'Makhdumpur', 5, 1, '2021-06-24 03:32:19', '2021-06-24 03:32:19'),
(166, 'Maner', 5, 1, '2021-06-24 03:32:19', '2021-06-24 03:32:19'),
(167, 'Rosera', 5, 1, '2021-06-24 03:32:19', '2021-06-24 03:32:19'),
(168, 'Nokha', 5, 1, '2021-06-24 03:32:19', '2021-06-24 03:32:19'),
(169, 'Piro', 5, 1, '2021-06-24 03:32:19', '2021-06-24 03:32:19'),
(170, 'Rafiganj', 5, 1, '2021-06-24 03:32:19', '2021-06-24 03:32:19'),
(171, 'Marhaura', 5, 1, '2021-06-24 03:32:19', '2021-06-24 03:32:19'),
(172, 'Mirganj', 5, 1, '2021-06-24 03:32:19', '2021-06-24 03:32:19'),
(173, 'Lalganj', 5, 1, '2021-06-24 03:32:19', '2021-06-24 03:32:19'),
(174, 'Murliganj', 5, 1, '2021-06-24 03:32:19', '2021-06-24 03:32:19'),
(175, 'Motipur', 5, 1, '2021-06-24 03:32:19', '2021-06-24 03:32:19'),
(176, 'Manihari', 5, 1, '2021-06-24 03:32:19', '2021-06-24 03:32:19'),
(177, 'Sheohar', 5, 1, '2021-06-24 03:32:19', '2021-06-24 03:32:19'),
(178, 'Maharajganj', 5, 1, '2021-06-24 03:32:19', '2021-06-24 03:32:19'),
(179, 'Silao', 5, 1, '2021-06-24 03:32:19', '2021-06-24 03:32:19'),
(180, 'Barh', 5, 1, '2021-06-24 03:32:19', '2021-06-24 03:32:19'),
(181, 'Asarganj', 5, 1, '2021-06-24 03:32:19', '2021-06-24 03:32:19'),
(182, 'Chandigarh', 6, 1, '2021-06-24 03:32:19', '2021-06-24 03:32:19'),
(183, 'Raipur', 7, 1, '2021-06-24 03:32:19', '2021-06-24 03:32:19'),
(184, 'Bhilai Nagar', 7, 1, '2021-06-24 03:32:19', '2021-06-24 03:32:19'),
(185, 'Korba', 7, 1, '2021-06-24 03:32:19', '2021-06-24 03:32:19'),
(186, 'Bilaspur', 7, 1, '2021-06-24 03:32:19', '2021-06-24 03:32:19'),
(187, 'Durg', 7, 1, '2021-06-24 03:32:19', '2021-06-24 03:32:19'),
(188, 'Rajnandgaon', 7, 1, '2021-06-24 03:32:19', '2021-06-24 03:32:19'),
(189, 'Jagdalpur', 7, 1, '2021-06-24 03:32:19', '2021-06-24 03:32:19'),
(190, 'Raigarh', 7, 1, '2021-06-24 03:32:19', '2021-06-24 03:32:19'),
(191, 'Ambikapur', 7, 1, '2021-06-24 03:32:19', '2021-06-24 03:32:19'),
(192, 'Mahasamund', 7, 1, '2021-06-24 03:32:19', '2021-06-24 03:32:19'),
(193, 'Dhamtari', 7, 1, '2021-06-24 03:32:19', '2021-06-24 03:32:19'),
(194, 'Chirmiri', 7, 1, '2021-06-24 03:32:19', '2021-06-24 03:32:19'),
(195, 'Bhatapara', 7, 1, '2021-06-24 03:32:19', '2021-06-24 03:32:19'),
(196, 'Dalli-Rajhara', 7, 1, '2021-06-24 03:32:19', '2021-06-24 03:32:19'),
(197, 'Naila Janjgir', 7, 1, '2021-06-24 03:32:19', '2021-06-24 03:32:19'),
(198, 'Tilda Newra', 7, 1, '2021-06-24 03:32:19', '2021-06-24 03:32:19'),
(199, 'Mungeli', 7, 1, '2021-06-24 03:32:19', '2021-06-24 03:32:19'),
(200, 'Manendragarh', 7, 1, '2021-06-24 03:32:19', '2021-06-24 03:32:19'),
(201, 'Sakti', 7, 1, '2021-06-24 03:32:19', '2021-06-24 03:32:19'),
(202, 'Silvassa', 8, 1, '2021-06-24 03:32:19', '2021-06-24 03:32:19'),
(203, 'Delhi', 9, 1, '2021-06-24 03:32:19', '2021-06-24 03:32:19'),
(204, 'New Delhi', 9, 1, '2021-06-24 03:32:19', '2021-06-24 03:32:19'),
(205, 'Marmagao', 10, 1, '2021-06-24 03:32:19', '2021-06-24 03:32:19'),
(206, 'Panaji', 10, 1, '2021-06-24 03:32:19', '2021-06-24 03:32:19'),
(207, 'Margao', 10, 1, '2021-06-24 03:32:19', '2021-06-24 03:32:19'),
(208, 'Mapusa', 10, 1, '2021-06-24 03:32:19', '2021-06-24 03:32:19'),
(209, 'Ahmedabad', 11, 1, '2021-06-24 03:32:19', '2021-06-24 03:32:19'),
(210, 'Surat', 11, 1, '2021-06-24 03:32:19', '2021-06-24 03:32:19'),
(211, 'Vadodara', 11, 1, '2021-06-24 03:32:19', '2021-06-24 03:32:19'),
(212, 'Rajkot', 11, 1, '2021-06-24 03:32:19', '2021-06-24 03:32:19'),
(213, 'Bhavnagar', 11, 1, '2021-06-24 03:32:19', '2021-06-24 03:32:19'),
(214, 'Jamnagar', 11, 1, '2021-06-24 03:32:19', '2021-06-24 03:32:19'),
(215, 'Nadiad', 11, 1, '2021-06-24 03:32:19', '2021-06-24 03:32:19'),
(216, 'Porbandar', 11, 1, '2021-06-24 03:32:19', '2021-06-24 03:32:19'),
(217, 'Anand', 11, 1, '2021-06-24 03:32:19', '2021-06-24 03:32:19'),
(218, 'Morvi', 11, 1, '2021-06-24 03:32:19', '2021-06-24 03:32:19'),
(219, 'Mahesana', 11, 1, '2021-06-24 03:32:19', '2021-06-24 03:32:19'),
(220, 'Bharuch', 11, 1, '2021-06-24 03:32:19', '2021-06-24 03:32:19'),
(221, 'Vapi', 11, 1, '2021-06-24 03:32:19', '2021-06-24 03:32:19'),
(222, 'Navsari', 11, 1, '2021-06-24 03:32:19', '2021-06-24 03:32:19'),
(223, 'Veraval', 11, 1, '2021-06-24 03:32:19', '2021-06-24 03:32:19'),
(224, 'Bhuj', 11, 1, '2021-06-24 03:32:19', '2021-06-24 03:32:19'),
(225, 'Godhra', 11, 1, '2021-06-24 03:32:19', '2021-06-24 03:32:19'),
(226, 'Palanpur', 11, 1, '2021-06-24 03:32:19', '2021-06-24 03:32:19'),
(227, 'Valsad', 11, 1, '2021-06-24 03:32:19', '2021-06-24 03:32:19'),
(228, 'Patan', 11, 1, '2021-06-24 03:32:19', '2021-06-24 03:32:19'),
(229, 'Deesa', 11, 1, '2021-06-24 03:32:19', '2021-06-24 03:32:19'),
(230, 'Amreli', 11, 1, '2021-06-24 03:32:19', '2021-06-24 03:32:19'),
(231, 'Anjar', 11, 1, '2021-06-24 03:32:19', '2021-06-24 03:32:19'),
(232, 'Dhoraji', 11, 1, '2021-06-24 03:32:19', '2021-06-24 03:32:19'),
(233, 'Khambhat', 11, 1, '2021-06-24 03:32:19', '2021-06-24 03:32:19'),
(234, 'Mahuva', 11, 1, '2021-06-24 03:32:19', '2021-06-24 03:32:19'),
(235, 'Keshod', 11, 1, '2021-06-24 03:32:19', '2021-06-24 03:32:19'),
(236, 'Wadhwan', 11, 1, '2021-06-24 03:32:19', '2021-06-24 03:32:19'),
(237, 'Ankleshwar', 11, 1, '2021-06-24 03:32:19', '2021-06-24 03:32:19'),
(238, 'Savarkundla', 11, 1, '2021-06-24 03:32:19', '2021-06-24 03:32:19'),
(239, 'Kadi', 11, 1, '2021-06-24 03:32:19', '2021-06-24 03:32:19'),
(240, 'Visnagar', 11, 1, '2021-06-24 03:32:19', '2021-06-24 03:32:19'),
(241, 'Upleta', 11, 1, '2021-06-24 03:32:19', '2021-06-24 03:32:19'),
(242, 'Una', 11, 1, '2021-06-24 03:32:19', '2021-06-24 03:32:19'),
(243, 'Sidhpur', 11, 1, '2021-06-24 03:32:19', '2021-06-24 03:32:19'),
(244, 'Unjha', 11, 1, '2021-06-24 03:32:19', '2021-06-24 03:32:19'),
(245, 'Mangrol', 11, 1, '2021-06-24 03:32:19', '2021-06-24 03:32:19'),
(246, 'Viramgam', 11, 1, '2021-06-24 03:32:19', '2021-06-24 03:32:19'),
(247, 'Modasa', 11, 1, '2021-06-24 03:32:19', '2021-06-24 03:32:19'),
(248, 'Palitana', 11, 1, '2021-06-24 03:32:19', '2021-06-24 03:32:19'),
(249, 'Petlad', 11, 1, '2021-06-24 03:32:19', '2021-06-24 03:32:19'),
(250, 'Kapadvanj', 11, 1, '2021-06-24 03:32:19', '2021-06-24 03:32:19'),
(251, 'Sihor', 11, 1, '2021-06-24 03:32:19', '2021-06-24 03:32:19'),
(252, 'Wankaner', 11, 1, '2021-06-24 03:32:19', '2021-06-24 03:32:19'),
(253, 'Limbdi', 11, 1, '2021-06-24 03:32:19', '2021-06-24 03:32:19'),
(254, 'Mandvi', 11, 1, '2021-06-24 03:32:19', '2021-06-24 03:32:19'),
(255, 'Thangadh', 11, 1, '2021-06-24 03:32:19', '2021-06-24 03:32:19'),
(256, 'Vyara', 11, 1, '2021-06-24 03:32:19', '2021-06-24 03:32:19'),
(257, 'Padra', 11, 1, '2021-06-24 03:32:19', '2021-06-24 03:32:19'),
(258, 'Lunawada', 11, 1, '2021-06-24 03:32:19', '2021-06-24 03:32:19'),
(259, 'Rajpipla', 11, 1, '2021-06-24 03:32:19', '2021-06-24 03:32:19'),
(260, 'Vapi', 11, 1, '2021-06-24 03:32:19', '2021-06-24 03:32:19'),
(261, 'Umreth', 11, 1, '2021-06-24 03:32:19', '2021-06-24 03:32:19'),
(262, 'Sanand', 11, 1, '2021-06-24 03:32:19', '2021-06-24 03:32:19'),
(263, 'Rajula', 11, 1, '2021-06-24 03:32:19', '2021-06-24 03:32:19'),
(264, 'Radhanpur', 11, 1, '2021-06-24 03:32:19', '2021-06-24 03:32:19'),
(265, 'Mahemdabad', 11, 1, '2021-06-24 03:32:19', '2021-06-24 03:32:19'),
(266, 'Ranavav', 11, 1, '2021-06-24 03:32:19', '2021-06-24 03:32:19'),
(267, 'Tharad', 11, 1, '2021-06-24 03:32:19', '2021-06-24 03:32:19'),
(268, 'Mansa', 11, 1, '2021-06-24 03:32:19', '2021-06-24 03:32:19'),
(269, 'Umbergaon', 11, 1, '2021-06-24 03:32:19', '2021-06-24 03:32:19'),
(270, 'Talaja', 11, 1, '2021-06-24 03:32:19', '2021-06-24 03:32:19'),
(271, 'Vadnagar', 11, 1, '2021-06-24 03:32:19', '2021-06-24 03:32:19'),
(272, 'Manavadar', 11, 1, '2021-06-24 03:32:19', '2021-06-24 03:32:19'),
(273, 'Salaya', 11, 1, '2021-06-24 03:32:19', '2021-06-24 03:32:19'),
(274, 'Vijapur', 11, 1, '2021-06-24 03:32:19', '2021-06-24 03:32:19'),
(275, 'Pardi', 11, 1, '2021-06-24 03:32:19', '2021-06-24 03:32:19'),
(276, 'Rapar', 11, 1, '2021-06-24 03:32:19', '2021-06-24 03:32:19'),
(277, 'Songadh', 11, 1, '2021-06-24 03:32:19', '2021-06-24 03:32:19'),
(278, 'Lathi', 11, 1, '2021-06-24 03:32:19', '2021-06-24 03:32:19'),
(279, 'Adalaj', 11, 1, '2021-06-24 03:32:19', '2021-12-10 03:44:02'),
(280, 'Chhapra', 11, 1, '2021-06-24 03:32:19', '2021-06-24 03:32:19'),
(281, 'Faridabad', 12, 1, '2021-06-24 03:32:19', '2021-06-24 03:32:19'),
(282, 'Gurgaon', 12, 1, '2021-06-24 03:32:19', '2021-06-24 03:32:19'),
(283, 'Hisar', 12, 1, '2021-06-24 03:32:19', '2021-06-24 03:32:19'),
(284, 'Rohtak', 12, 1, '2021-06-24 03:32:19', '2021-06-24 03:32:19'),
(285, 'Panipat', 12, 1, '2021-06-24 03:32:19', '2021-06-24 03:32:19'),
(286, 'Karnal', 12, 1, '2021-06-24 03:32:19', '2021-06-24 03:32:19'),
(287, 'Sonipat', 12, 1, '2021-06-24 03:32:19', '2021-06-24 03:32:19'),
(288, 'Yamunanagar', 12, 1, '2021-06-24 03:32:19', '2021-06-24 03:32:19'),
(289, 'Panchkula', 12, 1, '2021-06-24 03:32:19', '2021-06-24 03:32:19'),
(290, 'Bhiwani', 12, 1, '2021-06-24 03:32:19', '2021-06-24 03:32:19'),
(291, 'Bahadurgarh', 12, 1, '2021-06-24 03:32:19', '2021-06-24 03:32:19'),
(292, 'Jind', 12, 1, '2021-06-24 03:32:19', '2021-06-24 03:32:19'),
(293, 'Sirsa', 12, 1, '2021-06-24 03:32:19', '2021-06-24 03:32:19'),
(294, 'Thanesar', 12, 1, '2021-06-24 03:32:19', '2021-06-24 03:32:19'),
(295, 'Kaithal', 12, 1, '2021-06-24 03:32:19', '2021-06-24 03:32:19'),
(296, 'Palwal', 12, 1, '2021-06-24 03:32:19', '2021-06-24 03:32:19'),
(297, 'Rewari', 12, 1, '2021-06-24 03:32:19', '2021-06-24 03:32:19'),
(298, 'Hansi', 12, 1, '2021-06-24 03:32:19', '2021-06-24 03:32:19'),
(299, 'Narnaul', 12, 1, '2021-06-24 03:32:19', '2021-06-24 03:32:19'),
(300, 'Fatehabad', 12, 1, '2021-06-24 03:32:19', '2021-06-24 03:32:19'),
(301, 'Gohana', 12, 1, '2021-06-24 03:32:19', '2021-06-24 03:32:19'),
(302, 'Tohana', 12, 1, '2021-06-24 03:32:19', '2021-06-24 03:32:19'),
(303, 'Narwana', 12, 1, '2021-06-24 03:32:19', '2021-06-24 03:32:19'),
(304, 'Mandi Dabwali', 12, 1, '2021-06-24 03:32:19', '2021-06-24 03:32:19'),
(305, 'Charkhi Dadri', 12, 1, '2021-06-24 03:32:19', '2021-06-24 03:32:19'),
(306, 'Shahbad', 12, 1, '2021-06-24 03:32:19', '2021-06-24 03:32:19'),
(307, 'Pehowa', 12, 1, '2021-06-24 03:32:19', '2021-06-24 03:32:19'),
(308, 'Samalkha', 12, 1, '2021-06-24 03:32:19', '2021-06-24 03:32:19'),
(309, 'Pinjore', 12, 1, '2021-06-24 03:32:19', '2021-06-24 03:32:19'),
(310, 'Ladwa', 12, 1, '2021-06-24 03:32:19', '2021-06-24 03:32:19'),
(311, 'Sohna', 12, 1, '2021-06-24 03:32:19', '2021-06-24 03:32:19'),
(312, 'Safidon', 12, 1, '2021-06-24 03:32:19', '2021-06-24 03:32:19'),
(313, 'Taraori', 12, 1, '2021-06-24 03:32:19', '2021-06-24 03:32:19'),
(314, 'Mahendragarh', 12, 1, '2021-06-24 03:32:19', '2021-06-24 03:32:19'),
(315, 'Ratia', 12, 1, '2021-06-24 03:32:19', '2021-06-24 03:32:19'),
(316, 'Rania', 12, 1, '2021-06-24 03:32:19', '2021-06-24 03:32:19'),
(317, 'Sarsod', 12, 1, '2021-06-24 03:32:19', '2021-06-24 03:32:19'),
(318, 'Shimla', 13, 1, '2021-06-24 03:32:19', '2021-06-24 03:32:19'),
(319, 'Mandi', 13, 1, '2021-06-24 03:32:19', '2021-06-24 03:32:19'),
(320, 'Solan', 13, 1, '2021-06-24 03:32:19', '2021-06-24 03:32:19'),
(321, 'Nahan', 13, 1, '2021-06-24 03:32:19', '2021-06-24 03:32:19'),
(322, 'Sundarnagar', 13, 1, '2021-06-24 03:32:19', '2021-06-24 03:32:19'),
(323, 'Palampur', 13, 1, '2021-06-24 03:32:19', '2021-06-24 03:32:19'),
(324, 'Srinagar', 14, 1, '2021-06-24 03:32:19', '2021-06-24 03:32:19'),
(325, 'Jammu', 14, 1, '2021-06-24 03:32:19', '2021-06-24 03:32:19'),
(326, 'Baramula', 14, 1, '2021-06-24 03:32:19', '2021-06-24 03:32:19'),
(327, 'Anantnag', 14, 1, '2021-06-24 03:32:19', '2021-06-24 03:32:19'),
(328, 'Sopore', 14, 1, '2021-06-24 03:32:19', '2021-06-24 03:32:19'),
(329, 'KathUrban Agglomeration', 14, 1, '2021-06-24 03:32:19', '2021-06-24 03:32:19'),
(330, 'Rajauri', 14, 1, '2021-06-24 03:32:19', '2021-06-24 03:32:19'),
(331, 'Punch', 14, 1, '2021-06-24 03:32:19', '2021-06-24 03:32:19'),
(332, 'Udhampur', 14, 1, '2021-06-24 03:32:19', '2021-06-24 03:32:19'),
(333, 'Dhanbad', 15, 1, '2021-06-24 03:32:19', '2021-06-24 03:32:19'),
(334, 'Ranchi', 15, 1, '2021-06-24 03:32:19', '2021-06-24 03:32:19'),
(335, 'Jamshedpur', 15, 1, '2021-06-24 03:32:19', '2021-06-24 03:32:19'),
(336, 'Bokaro Steel City', 15, 1, '2021-06-24 03:32:19', '2021-06-24 03:32:19'),
(337, 'Deoghar', 15, 1, '2021-06-24 03:32:19', '2021-06-24 03:32:19'),
(338, 'Phusro', 15, 1, '2021-06-24 03:32:19', '2021-06-24 03:32:19'),
(339, 'Adityapur', 15, 1, '2021-06-24 03:32:19', '2021-12-10 03:44:09'),
(340, 'Hazaribag', 15, 1, '2021-06-24 03:32:19', '2021-06-24 03:32:19'),
(341, 'Giridih', 15, 1, '2021-06-24 03:32:19', '2021-06-24 03:32:19'),
(342, 'Ramgarh', 15, 1, '2021-06-24 03:32:19', '2021-06-24 03:32:19'),
(343, 'Jhumri Tilaiya', 15, 1, '2021-06-24 03:32:19', '2021-06-24 03:32:19'),
(344, 'Saunda', 15, 1, '2021-06-24 03:32:19', '2021-06-24 03:32:19'),
(345, 'Sahibganj', 15, 1, '2021-06-24 03:32:19', '2021-06-24 03:32:19'),
(346, 'Medininagar (Daltonganj)', 15, 1, '2021-06-24 03:32:19', '2021-06-24 03:32:19'),
(347, 'Chaibasa', 15, 1, '2021-06-24 03:32:19', '2021-06-24 03:32:19'),
(348, 'Chatra', 15, 1, '2021-06-24 03:32:19', '2021-06-24 03:32:19'),
(349, 'Gumia', 15, 1, '2021-06-24 03:32:19', '2021-06-24 03:32:19'),
(350, 'Dumka', 15, 1, '2021-06-24 03:32:19', '2021-06-24 03:32:19'),
(351, 'Madhupur', 15, 1, '2021-06-24 03:32:19', '2021-06-24 03:32:19'),
(352, 'Chirkunda', 15, 1, '2021-06-24 03:32:19', '2021-06-24 03:32:19'),
(353, 'Pakaur', 15, 1, '2021-06-24 03:32:19', '2021-06-24 03:32:19'),
(354, 'Simdega', 15, 1, '2021-06-24 03:32:19', '2021-06-24 03:32:19'),
(355, 'Musabani', 15, 1, '2021-06-24 03:32:19', '2021-06-24 03:32:19'),
(356, 'Mihijam', 15, 1, '2021-06-24 03:32:19', '2021-06-24 03:32:19'),
(357, 'Patratu', 15, 1, '2021-06-24 03:32:19', '2021-06-24 03:32:19'),
(358, 'Lohardaga', 15, 1, '2021-06-24 03:32:19', '2021-06-24 03:32:19'),
(359, 'Tenu dam-cum-Kathhara', 15, 1, '2021-06-24 03:32:19', '2021-06-24 03:32:19'),
(360, 'Bengaluru', 16, 1, '2021-06-24 03:32:19', '2021-06-24 03:32:19'),
(361, 'Hubli-Dharwad', 16, 1, '2021-06-24 03:32:19', '2021-06-24 03:32:19'),
(362, 'Belagavi', 16, 1, '2021-06-24 03:32:19', '2021-06-24 03:32:19'),
(363, 'Mangaluru', 16, 1, '2021-06-24 03:32:19', '2021-06-24 03:32:19'),
(364, 'Davanagere', 16, 1, '2021-06-24 03:32:19', '2021-06-24 03:32:19'),
(365, 'Ballari', 16, 1, '2021-06-24 03:32:19', '2021-06-24 03:32:19'),
(366, 'Tumkur', 16, 1, '2021-06-24 03:32:19', '2021-06-24 03:32:19'),
(367, 'Shivamogga', 16, 1, '2021-06-24 03:32:19', '2021-06-24 03:32:19'),
(368, 'Raayachuru', 16, 1, '2021-06-24 03:32:19', '2021-06-24 03:32:19'),
(369, 'Robertson Pet', 16, 1, '2021-06-24 03:32:19', '2021-06-24 03:32:19'),
(370, 'Kolar', 16, 1, '2021-06-24 03:32:19', '2021-06-24 03:32:19'),
(371, 'Mandya', 16, 1, '2021-06-24 03:32:19', '2021-06-24 03:32:19'),
(372, 'Udupi', 16, 1, '2021-06-24 03:32:19', '2021-06-24 03:32:19'),
(373, 'Chikkamagaluru', 16, 1, '2021-06-24 03:32:19', '2021-06-24 03:32:19'),
(374, 'Karwar', 16, 1, '2021-06-24 03:32:19', '2021-06-24 03:32:19'),
(375, 'Ranebennuru', 16, 1, '2021-06-24 03:32:19', '2021-06-24 03:32:19'),
(376, 'Ranibennur', 16, 1, '2021-06-24 03:32:19', '2021-06-24 03:32:19'),
(377, 'Ramanagaram', 16, 1, '2021-06-24 03:32:19', '2021-06-24 03:32:19'),
(378, 'Gokak', 16, 1, '2021-06-24 03:32:19', '2021-06-24 03:32:19'),
(379, 'Yadgir', 16, 1, '2021-06-24 03:32:19', '2021-06-24 03:32:19'),
(380, 'Rabkavi Banhatti', 16, 1, '2021-06-24 03:32:19', '2021-06-24 03:32:19'),
(381, 'Shahabad', 16, 1, '2021-06-24 03:32:19', '2021-06-24 03:32:19'),
(382, 'Sirsi', 16, 1, '2021-06-24 03:32:19', '2021-06-24 03:32:19'),
(383, 'Sindhnur', 16, 1, '2021-06-24 03:32:19', '2021-06-24 03:32:19'),
(384, 'Tiptur', 16, 1, '2021-06-24 03:32:19', '2021-06-24 03:32:19'),
(385, 'Arsikere', 16, 1, '2021-06-24 03:32:19', '2021-06-24 03:32:19'),
(386, 'Nanjangud', 16, 1, '2021-06-24 03:32:19', '2021-06-24 03:32:19'),
(387, 'Sagara', 16, 1, '2021-06-24 03:32:19', '2021-06-24 03:32:19'),
(388, 'Sira', 16, 1, '2021-06-24 03:32:19', '2021-06-24 03:32:19'),
(389, 'Puttur', 16, 1, '2021-06-24 03:32:19', '2021-06-24 03:32:19'),
(390, 'Athni', 16, 1, '2021-06-24 03:32:19', '2021-06-24 03:32:19'),
(391, 'Mulbagal', 16, 1, '2021-06-24 03:32:19', '2021-06-24 03:32:19'),
(392, 'Surapura', 16, 1, '2021-06-24 03:32:19', '2021-06-24 03:32:19'),
(393, 'Siruguppa', 16, 1, '2021-06-24 03:32:19', '2021-06-24 03:32:19'),
(394, 'Mudhol', 16, 1, '2021-06-24 03:32:19', '2021-06-24 03:32:19'),
(395, 'Sidlaghatta', 16, 1, '2021-06-24 03:32:19', '2021-06-24 03:32:19'),
(396, 'Shahpur', 16, 1, '2021-06-24 03:32:19', '2021-06-24 03:32:19'),
(397, 'Saundatti-Yellamma', 16, 1, '2021-06-24 03:32:19', '2021-06-24 03:32:19'),
(398, 'Wadi', 16, 1, '2021-06-24 03:32:19', '2021-06-24 03:32:19'),
(399, 'Manvi', 16, 1, '2021-06-24 03:32:19', '2021-06-24 03:32:19'),
(400, 'Nelamangala', 16, 1, '2021-06-24 03:32:19', '2021-06-24 03:32:19'),
(401, 'Lakshmeshwar', 16, 1, '2021-06-24 03:32:19', '2021-06-24 03:32:19'),
(402, 'Ramdurg', 16, 1, '2021-06-24 03:32:19', '2021-06-24 03:32:19'),
(403, 'Nargund', 16, 1, '2021-06-24 03:32:19', '2021-06-24 03:32:19'),
(404, 'Tarikere', 16, 1, '2021-06-24 03:32:19', '2021-06-24 03:32:19'),
(405, 'Malavalli', 16, 1, '2021-06-24 03:32:19', '2021-06-24 03:32:19'),
(406, 'Savanur', 16, 1, '2021-06-24 03:32:19', '2021-06-24 03:32:19'),
(407, 'Lingsugur', 16, 1, '2021-06-24 03:32:19', '2021-06-24 03:32:19'),
(408, 'Vijayapura', 16, 1, '2021-06-24 03:32:19', '2021-06-24 03:32:19'),
(409, 'Sankeshwara', 16, 1, '2021-06-24 03:32:19', '2021-06-24 03:32:19'),
(410, 'Madikeri', 16, 1, '2021-06-24 03:32:19', '2021-06-24 03:32:19'),
(411, 'Talikota', 16, 1, '2021-06-24 03:32:19', '2021-06-24 03:32:19'),
(412, 'Sedam', 16, 1, '2021-06-24 03:32:19', '2021-06-24 03:32:19'),
(413, 'Shikaripur', 16, 1, '2021-06-24 03:32:19', '2021-06-24 03:32:19'),
(414, 'Mahalingapura', 16, 1, '2021-06-24 03:32:19', '2021-06-24 03:32:19'),
(415, 'Mudalagi', 16, 1, '2021-06-24 03:32:19', '2021-06-24 03:32:19'),
(416, 'Muddebihal', 16, 1, '2021-06-24 03:32:19', '2021-06-24 03:32:19'),
(417, 'Pavagada', 16, 1, '2021-06-24 03:32:19', '2021-06-24 03:32:19'),
(418, 'Malur', 16, 1, '2021-06-24 03:32:19', '2021-06-24 03:32:19'),
(419, 'Sindhagi', 16, 1, '2021-06-24 03:32:19', '2021-06-24 03:32:19'),
(420, 'Sanduru', 16, 1, '2021-06-24 03:32:19', '2021-06-24 03:32:19'),
(421, 'Afzalpur', 16, 1, '2021-06-24 03:32:19', '2021-06-24 03:32:19'),
(422, 'Maddur', 16, 1, '2021-06-24 03:32:19', '2021-06-24 03:32:19'),
(423, 'Madhugiri', 16, 1, '2021-06-24 03:32:19', '2021-06-24 03:32:19'),
(424, 'Tekkalakote', 16, 1, '2021-06-24 03:32:19', '2021-06-24 03:32:19'),
(425, 'Terdal', 16, 1, '2021-06-24 03:32:19', '2021-06-24 03:32:19'),
(426, 'Mudabidri', 16, 1, '2021-06-24 03:32:19', '2021-06-24 03:32:19'),
(427, 'Magadi', 16, 1, '2021-06-24 03:32:19', '2021-06-24 03:32:19'),
(428, 'Navalgund', 16, 1, '2021-06-24 03:32:19', '2021-06-24 03:32:19'),
(429, 'Shiggaon', 16, 1, '2021-06-24 03:32:19', '2021-06-24 03:32:19'),
(430, 'Shrirangapattana', 16, 1, '2021-06-24 03:32:19', '2021-06-24 03:32:19'),
(431, 'Sindagi', 16, 1, '2021-06-24 03:32:19', '2021-06-24 03:32:19'),
(432, 'Sakaleshapura', 16, 1, '2021-06-24 03:32:19', '2021-06-24 03:32:19'),
(433, 'Srinivaspur', 16, 1, '2021-06-24 03:32:19', '2021-06-24 03:32:19'),
(434, 'Ron', 16, 1, '2021-06-24 03:32:19', '2021-06-24 03:32:19'),
(435, 'Mundargi', 16, 1, '2021-06-24 03:32:19', '2021-06-24 03:32:19'),
(436, 'Sadalagi', 16, 1, '2021-06-24 03:32:19', '2021-06-24 03:32:19'),
(437, 'Piriyapatna', 16, 1, '2021-06-24 03:32:19', '2021-06-24 03:32:19'),
(438, 'Adyar', 16, 1, '2021-06-24 03:32:19', '2021-06-24 03:32:19'),
(439, 'Mysore', 17, 1, '2021-06-24 03:32:19', '2021-06-24 03:32:19'),
(440, 'Thiruvananthapuram', 18, 1, '2021-06-24 03:32:19', '2021-06-24 03:32:19'),
(441, 'Kochi', 18, 1, '2021-06-24 03:32:19', '2021-06-24 03:32:19'),
(442, 'Kozhikode', 18, 1, '2021-06-24 03:32:19', '2021-06-24 03:32:19'),
(443, 'Kollam', 18, 1, '2021-06-24 03:32:19', '2021-06-24 03:32:19'),
(444, 'Thrissur', 18, 1, '2021-06-24 03:32:19', '2021-06-24 03:32:19'),
(445, 'Palakkad', 18, 1, '2021-06-24 03:32:19', '2021-06-24 03:32:19'),
(446, 'Alappuzha', 18, 1, '2021-06-24 03:32:19', '2021-06-24 03:32:19'),
(447, 'Malappuram', 18, 1, '2021-06-24 03:32:19', '2021-06-24 03:32:19'),
(448, 'Ponnani', 18, 1, '2021-06-24 03:32:19', '2021-06-24 03:32:19'),
(449, 'Vatakara', 18, 1, '2021-06-24 03:32:19', '2021-06-24 03:32:19'),
(450, 'Kanhangad', 18, 1, '2021-06-24 03:32:19', '2021-06-24 03:32:19'),
(451, 'Taliparamba', 18, 1, '2021-06-24 03:32:19', '2021-06-24 03:32:19'),
(452, 'Koyilandy', 18, 1, '2021-06-24 03:32:19', '2021-06-24 03:32:19'),
(453, 'Neyyattinkara', 18, 1, '2021-06-24 03:32:19', '2021-06-24 03:32:19'),
(454, 'Kayamkulam', 18, 1, '2021-06-24 03:32:19', '2021-06-24 03:32:19'),
(455, 'Nedumangad', 18, 1, '2021-06-24 03:32:19', '2021-06-24 03:32:19'),
(456, 'Kannur', 18, 1, '2021-06-24 03:32:19', '2021-06-24 03:32:19'),
(457, 'Tirur', 18, 1, '2021-06-24 03:32:19', '2021-06-24 03:32:19'),
(458, 'Kottayam', 18, 1, '2021-06-24 03:32:19', '2021-06-24 03:32:19'),
(459, 'Kasaragod', 18, 1, '2021-06-24 03:32:19', '2021-06-24 03:32:19'),
(460, 'Kunnamkulam', 18, 1, '2021-06-24 03:32:19', '2021-06-24 03:32:19'),
(461, 'Ottappalam', 18, 1, '2021-06-24 03:32:19', '2021-06-24 03:32:19'),
(462, 'Thiruvalla', 18, 1, '2021-06-24 03:32:19', '2021-06-24 03:32:19'),
(463, 'Thodupuzha', 18, 1, '2021-06-24 03:32:19', '2021-06-24 03:32:19'),
(464, 'Chalakudy', 18, 1, '2021-06-24 03:32:19', '2021-06-24 03:32:19'),
(465, 'Changanassery', 18, 1, '2021-06-24 03:32:19', '2021-06-24 03:32:19'),
(466, 'Punalur', 18, 1, '2021-06-24 03:32:19', '2021-06-24 03:32:19'),
(467, 'Nilambur', 18, 1, '2021-06-24 03:32:19', '2021-06-24 03:32:19'),
(468, 'Cherthala', 18, 1, '2021-06-24 03:32:19', '2021-06-24 03:32:19'),
(469, 'Perinthalmanna', 18, 1, '2021-06-24 03:32:19', '2021-06-24 03:32:19'),
(470, 'Mattannur', 18, 1, '2021-06-24 03:32:19', '2021-06-24 03:32:19'),
(471, 'Shoranur', 18, 1, '2021-06-24 03:32:19', '2021-06-24 03:32:19'),
(472, 'Varkala', 18, 1, '2021-06-24 03:32:19', '2021-06-24 03:32:19'),
(473, 'Paravoor', 18, 1, '2021-06-24 03:32:19', '2021-06-24 03:32:19'),
(474, 'Pathanamthitta', 18, 1, '2021-06-24 03:32:19', '2021-06-24 03:32:19'),
(475, 'Peringathur', 18, 1, '2021-06-24 03:32:19', '2021-06-24 03:32:19'),
(476, 'Attingal', 18, 1, '2021-06-24 03:32:19', '2021-06-24 03:32:19'),
(477, 'Kodungallur', 18, 1, '2021-06-24 03:32:19', '2021-06-24 03:32:19'),
(478, 'Pappinisseri', 18, 1, '2021-06-24 03:32:19', '2021-06-24 03:32:19'),
(479, 'Chittur-Thathamangalam', 18, 1, '2021-06-24 03:32:19', '2021-06-24 03:32:19'),
(480, 'Muvattupuzha', 18, 1, '2021-06-24 03:32:19', '2021-06-24 03:32:19'),
(481, 'Adoor', 18, 1, '2021-06-24 03:32:19', '2021-06-24 03:32:19'),
(482, 'Mavelikkara', 18, 1, '2021-06-24 03:32:19', '2021-06-24 03:32:19'),
(483, 'Mavoor', 18, 1, '2021-06-24 03:32:19', '2021-06-24 03:32:19'),
(484, 'Perumbavoor', 18, 1, '2021-06-24 03:32:19', '2021-06-24 03:32:19'),
(485, 'Vaikom', 18, 1, '2021-06-24 03:32:19', '2021-06-24 03:32:19'),
(486, 'Palai', 18, 1, '2021-06-24 03:32:19', '2021-06-24 03:32:19'),
(487, 'Panniyannur', 18, 1, '2021-06-24 03:32:19', '2021-06-24 03:32:19'),
(488, 'Guruvayoor', 18, 1, '2021-06-24 03:32:19', '2021-06-24 03:32:19'),
(489, 'Puthuppally', 18, 1, '2021-06-24 03:32:19', '2021-06-24 03:32:19'),
(490, 'Panamattom', 18, 1, '2021-06-24 03:32:19', '2021-06-24 03:32:19'),
(491, 'Indore', 19, 1, '2021-06-24 03:32:19', '2021-06-24 03:32:19'),
(492, 'Bhopal', 19, 1, '2021-06-24 03:32:19', '2021-06-24 03:32:19'),
(493, 'Jabalpur', 19, 1, '2021-06-24 03:32:19', '2021-06-24 03:32:19'),
(494, 'Gwalior', 19, 1, '2021-06-24 03:32:19', '2021-06-24 03:32:19'),
(495, 'Ujjain', 19, 1, '2021-06-24 03:32:19', '2021-06-24 03:32:19'),
(496, 'Sagar', 19, 1, '2021-06-24 03:32:19', '2021-06-24 03:32:19'),
(497, 'Ratlam', 19, 1, '2021-06-24 03:32:19', '2021-06-24 03:32:19'),
(498, 'Satna', 19, 1, '2021-06-24 03:32:19', '2021-06-24 03:32:19'),
(499, 'Murwara (Katni)', 19, 1, '2021-06-24 03:32:19', '2021-06-24 03:32:19'),
(500, 'Morena', 19, 1, '2021-06-24 03:32:19', '2021-06-24 03:32:19'),
(501, 'karnal', 12, 1, '2021-07-27 10:01:23', '2021-07-27 10:01:23'),
(502, 'Patiala', 27, 1, '2021-07-27 11:09:55', '2021-07-27 11:09:55'),
(503, 'Mohali', 27, 1, '2021-07-27 11:10:07', '2021-07-27 11:10:07'),
(504, 'ludhiana', 27, 1, '2021-09-02 08:28:26', '2021-09-02 08:28:26'),
(505, 'Gorakhpur', 32, 1, '2021-12-10 06:46:59', '2021-12-10 06:46:59'),
(506, 'Lucknow', 32, 1, '2021-12-28 16:00:33', '2021-12-28 16:00:33'),
(507, 'Ayodhya', 32, 1, '2022-01-14 06:41:03', '2022-01-14 06:41:03'),
(508, 'Barabanki', 32, 1, '2022-01-14 06:41:20', '2022-01-14 06:41:20'),
(509, 'Kanpur', 32, 1, '2022-01-14 06:41:34', '2022-01-14 06:41:34'),
(510, 'Unnao', 32, 1, '2022-01-14 06:41:52', '2022-01-14 06:41:52'),
(511, 'Sultanpur', 32, 1, '2022-01-14 06:42:17', '2022-01-14 06:42:17'),
(512, 'Noida', 32, 1, '2022-01-14 06:42:27', '2022-01-14 06:42:27'),
(513, 'Ghaziabad', 32, 1, '2022-01-14 06:42:39', '2022-01-14 06:42:39');

-- --------------------------------------------------------

--
-- Table structure for table `complaints`
--

CREATE TABLE `complaints` (
  `id` int(11) NOT NULL,
  `society_id` varchar(255) NOT NULL,
  `block_id` varchar(255) DEFAULT NULL,
  `flat_id` varchar(255) DEFAULT NULL,
  `category` varchar(255) DEFAULT NULL,
  `type` varchar(255) DEFAULT NULL,
  `text` longtext,
  `image` varchar(255) DEFAULT NULL,
  `status` varchar(255) DEFAULT NULL COMMENT 'pending,processing,completed',
  `created_at` timestamp NOT NULL DEFAULT CURRENT_TIMESTAMP,
  `updated_at` timestamp NOT NULL DEFAULT CURRENT_TIMESTAMP,
  `comments` longtext
) ENGINE=InnoDB DEFAULT CHARSET=latin1;

--
-- Dumping data for table `complaints`
--

INSERT INTO `complaints` (`id`, `society_id`, `block_id`, `flat_id`, `category`, `type`, `text`, `image`, `status`, `created_at`, `updated_at`, `comments`) VALUES
(1, '1', '1', '1', 'Electrical', 'personal', 'vvg', '3_user_complaint1640708741.', 'pending', '2021-12-28 16:25:41', '2021-12-28 16:25:41', NULL),
(2, '1', '1', '1', 'Electrical', 'personal', 'hh', '3_user_complaint1640710353.', 'pending', '2021-12-28 16:52:33', '2021-12-28 16:52:33', NULL),
(3, '1', '1', '1', 'Electrical', 'Community', 'vv', '3_user_complaint1640710423.', 'pending', '2021-12-28 16:53:43', '2021-12-28 16:53:43', NULL),
(4, '1', '1', '1', 'Electrical', 'personal', 'gffff', '3_user_complaint1640763919.', 'completed', '2021-12-29 07:45:19', '2022-01-14 02:02:20', 'Test');

-- --------------------------------------------------------

--
-- Table structure for table `events`
--

CREATE TABLE `events` (
  `id` int(11) NOT NULL,
  `title` varchar(255) NOT NULL,
  `start` date NOT NULL,
  `end` date NOT NULL,
  `created_at` timestamp NOT NULL DEFAULT CURRENT_TIMESTAMP,
  `updated_at` timestamp NOT NULL DEFAULT CURRENT_TIMESTAMP
) ENGINE=InnoDB DEFAULT CHARSET=latin1;

-- --------------------------------------------------------

--
-- Table structure for table `flats`
--

CREATE TABLE `flats` (
  `id` int(11) NOT NULL,
  `block_id` int(11) NOT NULL,
  `society_id` int(11) NOT NULL,
  `flat_no` varchar(255) NOT NULL,
  `status` int(11) NOT NULL,
  `added_by` int(11) NOT NULL,
  `is_delete` int(11) NOT NULL DEFAULT '0',
  `created_at` timestamp NOT NULL DEFAULT CURRENT_TIMESTAMP,
  `updated_at` timestamp NOT NULL DEFAULT CURRENT_TIMESTAMP
) ENGINE=InnoDB DEFAULT CHARSET=latin1;

--
-- Dumping data for table `flats`
--

INSERT INTO `flats` (`id`, `block_id`, `society_id`, `flat_no`, `status`, `added_by`, `is_delete`, `created_at`, `updated_at`) VALUES
(1, 1, 1, 'A0001', 1, 1, 0, '2021-12-28 10:39:06', '2021-12-28 10:39:06'),
(2, 1, 1, 'A0002', 1, 1, 0, '2022-01-07 11:37:05', '2022-01-07 11:37:05');

-- --------------------------------------------------------

--
-- Table structure for table `flat_categories`
--

CREATE TABLE `flat_categories` (
  `id` int(11) NOT NULL,
  `name` varchar(255) DEFAULT NULL,
  `society_id` varchar(255) DEFAULT NULL,
  `details` longtext,
  `square_feet` varchar(255) DEFAULT NULL,
  `maintainance_fee` varchar(255) DEFAULT NULL,
  `added_by` varchar(255) DEFAULT NULL,
  `status` int(11) NOT NULL DEFAULT '1',
  `created_at` timestamp NOT NULL DEFAULT CURRENT_TIMESTAMP,
  `updated_at` timestamp NOT NULL DEFAULT CURRENT_TIMESTAMP
) ENGINE=InnoDB DEFAULT CHARSET=latin1;

--
-- Dumping data for table `flat_categories`
--

INSERT INTO `flat_categories` (`id`, `name`, `society_id`, `details`, `square_feet`, `maintainance_fee`, `added_by`, `status`, `created_at`, `updated_at`) VALUES
(1, 'MANISH SHARMA', '1', '<p>NA</p>', '1600', '500', '1', 1, '2022-01-07 17:03:57', '2022-01-07 17:03:57');

-- --------------------------------------------------------

--
-- Table structure for table `guards`
--

CREATE TABLE `guards` (
  `id` int(11) NOT NULL,
  `name` varchar(255) DEFAULT NULL,
  `email` varchar(255) DEFAULT NULL,
  `password` varchar(255) DEFAULT NULL,
  `gender` varchar(255) DEFAULT NULL,
  `photo` varchar(255) DEFAULT NULL,
  `phone` varchar(255) DEFAULT NULL,
  `society_id` int(11) DEFAULT NULL,
  `created_at` timestamp NULL DEFAULT CURRENT_TIMESTAMP,
  `updated_at` timestamp NULL DEFAULT CURRENT_TIMESTAMP,
  `state_id` varchar(255) DEFAULT NULL,
  `city_id` varchar(255) DEFAULT NULL,
  `location` varchar(255) DEFAULT NULL,
  `status` int(11) DEFAULT '0',
  `is_approve` int(11) DEFAULT '0',
  `document` varchar(255) DEFAULT NULL
) ENGINE=InnoDB DEFAULT CHARSET=latin1;

--
-- Dumping data for table `guards`
--

INSERT INTO `guards` (`id`, `name`, `email`, `password`, `gender`, `photo`, `phone`, `society_id`, `created_at`, `updated_at`, `state_id`, `city_id`, `location`, `status`, `is_approve`, `document`) VALUES
(1, 'Naveen', 'manichanchal82@gmail.com', '$2y$10$zcAoHNSNVjzFK/I4Kv3fAe7vpexS4947Va9hNJPrZYPdFSGWZa0BS', NULL, '281221040637-TESTETST.jpg', '9811063489', 1, '2021-12-28 10:36:37', '2022-01-07 11:43:31', '32', '506', 'Anorakala Near Spring Green Apartment', 1, 1, NULL),
(2, 'Test', 'satya@gmail.com', '$2y$10$1cdBbRMPtqTuVoEXgxFZFeGaDacoGbzeeWfP1Qn/PYBxU9GF2Q5Lm', NULL, NULL, '123456', 1, '2022-01-14 03:57:29', '2022-01-14 03:57:29', '1', '1', 'dfgdfg', 1, 1, NULL);

-- --------------------------------------------------------

--
-- Table structure for table `guard_banner`
--

CREATE TABLE `guard_banner` (
  `id` int(11) NOT NULL,
  `title` varchar(255) DEFAULT NULL,
  `image` varchar(255) DEFAULT NULL,
  `society_id` varchar(255) DEFAULT NULL,
  `status` int(11) NOT NULL DEFAULT '1',
  `created_at` timestamp NOT NULL DEFAULT CURRENT_TIMESTAMP,
  `updated_at` timestamp NOT NULL DEFAULT CURRENT_TIMESTAMP
) ENGINE=InnoDB DEFAULT CHARSET=latin1;

--
-- Dumping data for table `guard_banner`
--

INSERT INTO `guard_banner` (`id`, `title`, `image`, `society_id`, `status`, `created_at`, `updated_at`) VALUES
(1, 'new year eve', NULL, '1', 1, '2021-12-28 11:31:58', '2022-01-04 00:55:43');

-- --------------------------------------------------------

--
-- Table structure for table `guard_logins`
--

CREATE TABLE `guard_logins` (
  `id` int(11) NOT NULL,
  `user_id` int(11) NOT NULL,
  `deviceType` varchar(255) DEFAULT NULL,
  `deviceID` varchar(255) DEFAULT NULL,
  `deviceToken` varchar(255) DEFAULT NULL,
  `ip_address` varchar(255) NOT NULL,
  `created_at` timestamp NOT NULL DEFAULT CURRENT_TIMESTAMP,
  `updated_at` timestamp NOT NULL DEFAULT CURRENT_TIMESTAMP
) ENGINE=MyISAM DEFAULT CHARSET=latin1;

--
-- Dumping data for table `guard_logins`
--

INSERT INTO `guard_logins` (`id`, `user_id`, `deviceType`, `deviceID`, `deviceToken`, `ip_address`, `created_at`, `updated_at`) VALUES
(1, 1, 'android', 'android_id', 'e5NCP2YKRtusSKbDnwTAVN:APA91bEp89FMZBeA0rNr_CqUeGiSNHgWedV7ImH17qswlgJb61nf2wa2jpmUyDVpFe4xxkgWAU9EGjDsRmiHBSayRZrh-1qeU08yIMmsmcaKUMxR9wEzwmIDtnVqJuoGT3mp_fk0RqqL', '47.8.52.23', '2021-12-28 16:20:11', '2022-01-11 17:04:39'),
(2, 2, 'android', 'android_id', 'eQ8VUnvRRTixtAovGpVyay:APA91bG42i6u18oRoCi2zFw7qcYw6zKsxB89ITepxcJ-R3plcfUC-DVXgZNPkpp7PiFCgXRHcJKd2HuyrALEo4i8LPEY0ACUfOfA64rqoI0q2KsFqgvEOZv-yzLr2lzFClDawGheLGv4', '47.31.253.189', '2022-01-14 09:27:39', '2022-01-14 10:03:44');

-- --------------------------------------------------------

--
-- Table structure for table `guard_visitors`
--

CREATE TABLE `guard_visitors` (
  `id` int(11) NOT NULL,
  `society_id` bigint(20) NOT NULL,
  `approved_by` varchar(255) DEFAULT NULL,
  `block_id` bigint(20) NOT NULL,
  `flat_id` bigint(20) NOT NULL,
  `vis_id` varchar(255) NOT NULL DEFAULT '0',
  `name` varchar(255) DEFAULT NULL,
  `category` varchar(255) DEFAULT NULL,
  `sub_category` varchar(255) DEFAULT NULL,
  `image` varchar(255) NOT NULL,
  `is_approve` int(11) NOT NULL DEFAULT '0',
  `phone` varchar(255) NOT NULL,
  `entry_at` datetime DEFAULT NULL,
  `exit_at` datetime DEFAULT NULL,
  `created_at` timestamp NOT NULL DEFAULT CURRENT_TIMESTAMP,
  `updated_at` timestamp NOT NULL DEFAULT CURRENT_TIMESTAMP
) ENGINE=InnoDB DEFAULT CHARSET=latin1;

--
-- Dumping data for table `guard_visitors`
--

INSERT INTO `guard_visitors` (`id`, `society_id`, `approved_by`, `block_id`, `flat_id`, `vis_id`, `name`, `category`, `sub_category`, `image`, `is_approve`, `phone`, `entry_at`, `exit_at`, `created_at`, `updated_at`) VALUES
(1, 1, NULL, 1, 1, '3', 'sdasdsad', NULL, NULL, '', 0, '11111111', '2022-01-04 16:08:21', NULL, '2022-01-04 10:38:21', '2022-01-04 10:38:21'),
(2, 1, NULL, 1, 1, '4', 'egdbhd', NULL, NULL, '1_guard_visitor1641292746.jpg', 0, '56595', '2022-01-04 16:09:06', NULL, '2022-01-04 10:39:06', '2022-01-04 10:39:06'),
(3, 1, NULL, 1, 1, '5', 'sdasdsad', NULL, NULL, '', 0, '11111111', '2022-01-04 16:20:29', NULL, '2022-01-04 10:50:29', '2022-01-04 10:50:29'),
(4, 1, '5', 1, 1, '6', 'gf g', NULL, NULL, '1_guard_visitor1641294344.jpg', 1, '56', '2022-01-04 16:35:44', NULL, '2022-01-04 11:05:44', '2022-01-04 11:05:44'),
(5, 1, NULL, 1, 1, '7', 'vvg', 'Cab', 'Ola', '1_guard_visitor1641294621.', 0, '655', '2022-01-04 16:40:21', NULL, '2022-01-04 11:10:21', '2022-01-04 11:10:21'),
(6, 1, NULL, 1, 1, '8', 'asdas', 'Cab', 'Ola', '1_guard_visitor1641295515.jpg', 0, '273273', '2022-01-04 16:55:15', NULL, '2022-01-04 11:25:15', '2022-01-04 11:25:15'),
(7, 1, '5', 1, 1, '9', 'asd', 'Cab', 'Ola', '1_guard_visitor1641295794.jpg', 0, '273', '2022-01-04 16:59:54', NULL, '2022-01-04 11:29:54', '2022-01-04 11:29:54'),
(8, 1, '5', 1, 1, '10', 'asd', 'Cab', 'Ola', '1_guard_visitor1641296610.jpg', 1, '273273', '2022-01-04 17:13:30', NULL, '2022-01-04 11:43:30', '2022-01-04 11:43:30'),
(9, 1, NULL, 1, 1, '11', 'asdsad', 'Cab', 'Ola', '1_guard_visitor1641296869.jpg', 0, '273273', '2022-01-04 17:17:49', NULL, '2022-01-04 11:47:49', '2022-01-04 11:47:49'),
(10, 1, NULL, 1, 1, '12', 'asdsad', 'Cab', 'Ola', '1_guard_visitor1641296872.jpg', 0, '273273', '2022-01-04 17:17:52', NULL, '2022-01-04 11:47:52', '2022-01-04 11:47:52'),
(11, 1, NULL, 1, 1, '13', 'asdsad', 'Cab', 'Ola', '1_guard_visitor1641296880.jpg', 0, '273273', '2022-01-04 17:18:00', NULL, '2022-01-04 11:48:00', '2022-01-04 11:48:00'),
(12, 1, NULL, 1, 1, '14', 'asdsad', 'Cab', 'Ola', '1_guard_visitor1641296889.jpg', 0, '273273', '2022-01-04 17:18:09', NULL, '2022-01-04 11:48:09', '2022-01-04 11:48:09'),
(13, 1, NULL, 1, 1, '15', 'asdsad', 'Cab', 'Ola', '1_guard_visitor1641296912.jpg', 0, '273273', '2022-01-04 17:18:32', NULL, '2022-01-04 11:48:32', '2022-01-04 11:48:32'),
(14, 1, NULL, 1, 1, '16', 'asdsad', 'Cab', 'Ola', '1_guard_visitor1641296991.jpg', 0, '273273', '2022-01-04 17:19:51', NULL, '2022-01-04 11:49:51', '2022-01-04 11:49:51'),
(15, 1, NULL, 1, 1, '17', 'asdsad', 'Cab', 'Ola', '1_guard_visitor1641297009.jpg', 0, '273273', '2022-01-04 17:20:09', NULL, '2022-01-04 11:50:09', '2022-01-04 11:50:09'),
(16, 1, '5', 1, 1, '18', 'asdsad', 'Cab', 'Ola', '1_guard_visitor1641297366.jpg', 1, '273273', '2022-01-04 17:26:06', '2022-01-11 23:43:53', '2022-01-04 11:56:06', '2022-01-04 11:56:06'),
(17, 1, '5', 1, 1, '19', 'asd', 'Delivery', 'Food Delivery', '1_guard_visitor1641297429.jpg', 0, '273', '2022-01-04 17:27:09', NULL, '2022-01-04 11:57:09', '2022-01-04 11:57:09'),
(18, 1, '5', 1, 1, '20', 'dfg', NULL, NULL, '1_guard_visitor1641297704.jpg', 1, '334', '2022-01-04 17:31:44', '2022-01-11 23:43:50', '2022-01-04 12:01:44', '2022-01-04 12:01:44'),
(19, 1, '5', 1, 1, '21', 'dfg', 'Cab', 'Uber', '1_guard_visitor1641297749.jpg', 1, '334', '2022-01-04 17:32:29', '2022-01-11 23:43:49', '2022-01-04 12:02:29', '2022-01-04 12:02:29'),
(20, 1, '5', 1, 1, '22', 'asd', 'Cab', 'Ola', '1_guard_visitor1641297825.jpg', 0, '273', '2022-01-04 17:33:45', NULL, '2022-01-04 12:03:45', '2022-01-04 12:03:45'),
(21, 1, NULL, 1, 1, '23', 'asd', NULL, NULL, '1_guard_visitor1641297960.jpg', 0, '273', '2022-01-04 17:36:00', NULL, '2022-01-04 12:06:00', '2022-01-04 12:06:00'),
(22, 1, '3', 1, 1, '24', 'visit 1', NULL, NULL, '1_guard_visitor1641576045.jpg', 1, '1234567890', '2022-01-07 22:50:45', '2022-01-11 23:43:46', '2022-01-07 17:20:45', '2022-01-07 17:20:45'),
(23, 1, NULL, 1, 2, '25', 'visit 2', NULL, NULL, '1_guard_visitor1641576149.jpg', 0, '1234567890', '2022-01-07 22:52:29', NULL, '2022-01-07 17:22:29', '2022-01-07 17:22:29'),
(24, 1, NULL, 1, 1, '26', 'Sahil', NULL, NULL, '1_guard_visitor1641922573.jpg', 0, '9969656566', '2022-01-11 23:06:13', NULL, '2022-01-11 17:36:13', '2022-01-11 17:36:13'),
(25, 1, NULL, 1, 1, '27', 'Sahil', NULL, NULL, '1_guard_visitor1641922576.jpg', 0, '9969656566', '2022-01-11 23:06:16', NULL, '2022-01-11 17:36:16', '2022-01-11 17:36:16'),
(26, 1, NULL, 1, 1, '28', 'Sahil', NULL, NULL, '1_guard_visitor1641922576.jpg', 0, '9969656566', '2022-01-11 23:06:16', NULL, '2022-01-11 17:36:16', '2022-01-11 17:36:16'),
(27, 1, NULL, 1, 1, '29', 'Sahil', NULL, NULL, '1_guard_visitor1641922581.jpg', 0, '9969656566', '2022-01-11 23:06:21', NULL, '2022-01-11 17:36:21', '2022-01-11 17:36:21'),
(28, 1, NULL, 1, 1, '30', 'Sahil', NULL, NULL, '1_guard_visitor1641922583.jpg', 0, '9969656566', '2022-01-11 23:06:23', NULL, '2022-01-11 17:36:23', '2022-01-11 17:36:23'),
(29, 1, NULL, 1, 1, '31', 'Sahil', NULL, NULL, '1_guard_visitor1641922583.jpg', 0, '9969656566', '2022-01-11 23:06:23', NULL, '2022-01-11 17:36:23', '2022-01-11 17:36:23'),
(30, 1, '3', 1, 1, '32', 'Sahil', NULL, NULL, '1_guard_visitor1641922587.jpg', 1, '9969656566', '2022-01-11 23:06:27', '2022-01-11 23:43:41', '2022-01-11 17:36:27', '2022-01-11 17:36:27'),
(31, 1, '3', 1, 1, '33', 'Sahil', NULL, NULL, '1_guard_visitor1641922590.jpg', 1, '9969656566', '2022-01-11 23:06:30', '2022-01-11 23:43:39', '2022-01-11 17:36:30', '2022-01-11 17:36:30'),
(32, 1, '3', 1, 1, '34', 'Sahil', NULL, NULL, '1_guard_visitor1641922592.jpg', 1, '9969656566', '2022-01-11 23:06:32', '2022-01-11 23:38:26', '2022-01-11 17:36:32', '2022-01-11 17:36:32'),
(33, 1, '3', 1, 1, '35', 'Sahil', NULL, NULL, '1_guard_visitor1641922593.jpg', 1, '9969656566', '2022-01-11 23:06:33', '2022-01-11 23:43:37', '2022-01-11 17:36:33', '2022-01-11 17:36:33'),
(34, 1, NULL, 1, 1, '36', 'Asgar', NULL, NULL, '1_guard_visitor1641924365.jpg', 0, '5888888888', '2022-01-11 23:36:05', NULL, '2022-01-11 18:06:05', '2022-01-11 18:06:05'),
(35, 1, '3', 1, 1, '37', 'Asgar', NULL, NULL, '1_guard_visitor1641924367.jpg', 1, '5888888888', '2022-01-11 23:36:07', '2022-01-11 23:39:26', '2022-01-11 18:06:07', '2022-01-11 18:06:07'),
(36, 1, NULL, 1, 1, '38', 'Asgar', NULL, NULL, '1_guard_visitor1641924367.jpg', 0, '5888888888', '2022-01-11 23:36:07', NULL, '2022-01-11 18:06:07', '2022-01-11 18:06:07'),
(37, 1, NULL, 1, 1, '39', 'DRIVER', 'Cab', 'Meru', '1_guard_visitor1641925004.jpg', 0, '8336588699986865242424246', '2022-01-11 23:46:44', NULL, '2022-01-11 18:16:44', '2022-01-11 18:16:44'),
(38, 1, NULL, 1, 1, '40', 'DRIVER', 'Cab', 'Meru', '1_guard_visitor1641925006.jpg', 0, '8336588699986865242424246', '2022-01-11 23:46:46', NULL, '2022-01-11 18:16:46', '2022-01-11 18:16:46'),
(39, 1, NULL, 1, 1, '41', 'DRIVER', 'Cab', 'Meru', '1_guard_visitor1641925017.jpg', 0, '8336588699986865242424246', '2022-01-11 23:46:57', NULL, '2022-01-11 18:16:57', '2022-01-11 18:16:57'),
(40, 1, NULL, 1, 1, '42', 'DRIVER', 'Cab', 'Meru', '1_guard_visitor1641925027.jpg', 0, '8336588699986865242424246', '2022-01-11 23:47:07', NULL, '2022-01-11 18:17:07', '2022-01-11 18:17:07'),
(41, 1, NULL, 1, 1, '43', 'DRIVER', 'Cab', 'Meru', '1_guard_visitor1641925028.jpg', 0, '8336588699986865242424246', '2022-01-11 23:47:08', NULL, '2022-01-11 18:17:08', '2022-01-11 18:17:08'),
(42, 1, NULL, 1, 1, '44', 'DRIVER', 'Cab', 'Meru', '1_guard_visitor1641925037.jpg', 0, '8336588699986865242424246', '2022-01-11 23:47:17', NULL, '2022-01-11 18:17:17', '2022-01-11 18:17:17'),
(43, 1, NULL, 1, 1, '45', 'DRIVER', 'Cab', 'Meru', '1_guard_visitor1641925041.jpg', 0, '8336588699986865242424246', '2022-01-11 23:47:21', NULL, '2022-01-11 18:17:21', '2022-01-11 18:17:21'),
(44, 1, NULL, 1, 1, '46', 'DRIVER', 'Cab', 'Meru', '1_guard_visitor1641925045.jpg', 0, '8336588699986865242424246', '2022-01-11 23:47:25', NULL, '2022-01-11 18:17:25', '2022-01-11 18:17:25'),
(45, 1, NULL, 1, 1, '47', 'DRIVER', 'Cab', 'Meru', '1_guard_visitor1641925073.jpg', 0, '8336588699986865242424246', '2022-01-11 23:47:53', NULL, '2022-01-11 18:17:53', '2022-01-11 18:17:53'),
(46, 1, '5', 1, 1, '48', 'DRIVER', 'Cab', 'Meru', '1_guard_visitor1641925075.jpg', 1, '8336588699986865242424246', '2022-01-11 23:47:55', NULL, '2022-01-11 18:17:55', '2022-01-11 18:17:55'),
(47, 1, '5', 1, 1, '49', 'DRIVER', 'Cab', 'Meru', '1_guard_visitor1641925078.jpg', 1, '8336588699986865242424246', '2022-01-11 23:47:58', NULL, '2022-01-11 18:17:58', '2022-01-11 18:17:58'),
(48, 1, '5', 1, 1, '50', 'DRIVER', 'Cab', 'Meru', '1_guard_visitor1641925078.jpg', 1, '8336588699986865242424246', '2022-01-11 23:47:58', NULL, '2022-01-11 18:17:58', '2022-01-11 18:17:58'),
(49, 1, '5', 1, 1, '51', 'DRIVER', 'Cab', 'Meru', '1_guard_visitor1641925093.jpg', 1, '8336588699986865242424246', '2022-01-11 23:48:13', NULL, '2022-01-11 18:18:13', '2022-01-11 18:18:13'),
(50, 1, NULL, 1, 1, '52', 'DRIVER', 'Cab', 'Meru', '1_guard_visitor1641925106.jpg', 0, '8336588699986865242424246', '2022-01-11 23:48:26', NULL, '2022-01-11 18:18:26', '2022-01-11 18:18:26'),
(51, 1, NULL, 1, 1, '53', 'DRIVER', 'Cab', 'Meru', '1_guard_visitor1641925106.jpg', 0, '8336588699986865242424246', '2022-01-11 23:48:26', NULL, '2022-01-11 18:18:26', '2022-01-11 18:18:26'),
(52, 1, NULL, 1, 1, '54', 'DRIVER', 'Cab', 'Meru', '1_guard_visitor1641925110.jpg', 0, '8336588699986865242424246', '2022-01-11 23:48:30', NULL, '2022-01-11 18:18:30', '2022-01-11 18:18:30'),
(53, 1, NULL, 1, 1, '55', 'DRIVER', 'Cab', 'Meru', '1_guard_visitor1641925112.jpg', 0, '8336588699986865242424246', '2022-01-11 23:48:32', NULL, '2022-01-11 18:18:32', '2022-01-11 18:18:32'),
(54, 1, NULL, 1, 1, '56', 'DRIVER', 'Cab', 'Meru', '1_guard_visitor1641925114.jpg', 0, '8336588699986865242424246', '2022-01-11 23:48:34', NULL, '2022-01-11 18:18:34', '2022-01-11 18:18:34'),
(55, 1, NULL, 1, 1, '57', 'DRIVER', 'Cab', 'Meru', '1_guard_visitor1641925126.jpg', 0, '8336588699986865242424246', '2022-01-11 23:48:46', NULL, '2022-01-11 18:18:46', '2022-01-11 18:18:46'),
(56, 1, NULL, 1, 1, '58', 'DRIVER', 'Cab', 'Meru', '1_guard_visitor1641925126.jpg', 0, '8336588699986865242424246', '2022-01-11 23:48:46', NULL, '2022-01-11 18:18:46', '2022-01-11 18:18:46'),
(57, 1, NULL, 1, 1, '59', 'DRIVER', 'Cab', 'Meru', '1_guard_visitor1641925137.jpg', 0, '8336588699986865242424246', '2022-01-11 23:48:57', NULL, '2022-01-11 18:18:57', '2022-01-11 18:18:57'),
(58, 1, NULL, 1, 1, '60', 'DRIVER', 'Cab', 'Meru', '1_guard_visitor1641925137.jpg', 0, '8336588699986865242424246', '2022-01-11 23:48:57', NULL, '2022-01-11 18:18:57', '2022-01-11 18:18:57'),
(59, 1, '3', 1, 1, '61', 'DRIVER', 'Cab', 'Meru', '1_guard_visitor1641925142.jpg', 1, '8336588699986865242424246', '2022-01-11 23:49:02', '2022-01-11 23:53:10', '2022-01-11 18:19:02', '2022-01-11 18:19:02'),
(60, 1, NULL, 1, 2, '62', 'svdb', NULL, NULL, '1_guard_visitor1642147324.jpg', 0, '893782334', '2022-01-14 13:32:04', NULL, '2022-01-14 08:02:04', '2022-01-14 08:02:04'),
(61, 1, NULL, 1, 1, '63', 'shsh', NULL, NULL, '1_guard_visitor1642147418.jpg', 0, '83868', '2022-01-14 13:33:38', NULL, '2022-01-14 08:03:38', '2022-01-14 08:03:38'),
(62, 1, NULL, 1, 1, '64', 'svbsjx', NULL, NULL, '1_guard_visitor1642147457.jpg', 0, '8667797', '2022-01-14 13:34:17', NULL, '2022-01-14 08:04:17', '2022-01-14 08:04:17'),
(63, 1, NULL, 1, 1, '65', 'egdbhd', NULL, NULL, '1_guard_visitor1642147540.jpg', 0, '9794688', '2022-01-14 13:35:40', NULL, '2022-01-14 08:05:40', '2022-01-14 08:05:40'),
(64, 1, NULL, 1, 1, '66', 'bdxbx', NULL, NULL, '1_guard_visitor1642147574.jpg', 0, '646565', '2022-01-14 13:36:14', NULL, '2022-01-14 08:06:14', '2022-01-14 08:06:14'),
(65, 1, NULL, 1, 1, '67', 'rhxh', NULL, NULL, '1_guard_visitor1642147595.jpg', 0, '7995', '2022-01-14 13:36:35', NULL, '2022-01-14 08:06:35', '2022-01-14 08:06:35'),
(66, 1, NULL, 1, 1, '68', 'shxh', NULL, NULL, '1_guard_visitor1642147649.jpg', 0, '79798', '2022-01-14 13:37:29', NULL, '2022-01-14 08:07:29', '2022-01-14 08:07:29'),
(67, 1, NULL, 1, 1, '69', 'xhhx', NULL, NULL, '1_guard_visitor1642147683.jpg', 0, '88656', '2022-01-14 13:38:03', NULL, '2022-01-14 08:08:03', '2022-01-14 08:08:03'),
(68, 1, NULL, 1, 2, '70', 'hhsd', NULL, NULL, '1_guard_visitor1642147803.jpg', 0, '46595', '2022-01-14 13:40:03', NULL, '2022-01-14 08:10:03', '2022-01-14 08:10:03'),
(69, 1, NULL, 1, 1, '71', 'svdvd', NULL, NULL, '1_guard_visitor1642147853.jpg', 0, '8897646565', '2022-01-14 13:40:53', NULL, '2022-01-14 08:10:53', '2022-01-14 08:10:53'),
(70, 1, NULL, 1, 1, '72', 'dvbsdjjdx', NULL, NULL, '1_guard_visitor1642148019.jpg', 0, '4659794694', '2022-01-14 13:43:39', NULL, '2022-01-14 08:13:39', '2022-01-14 08:13:39'),
(71, 1, NULL, 1, 1, '73', 'egdy', NULL, NULL, '1_guard_visitor1642148047.jpg', 0, '46465', '2022-01-14 13:44:07', NULL, '2022-01-14 08:14:07', '2022-01-14 08:14:07'),
(72, 1, '5', 1, 1, '74', 'egdg', NULL, NULL, '1_guard_visitor1642148182.jpg', 1, '4649', '2022-01-14 13:46:22', NULL, '2022-01-14 08:16:22', '2022-01-14 08:16:22'),
(73, 1, '5', 1, 1, '75', 'vaibhav', NULL, NULL, '1_guard_visitor1642148298.jpg', 1, '7668898998', '2022-01-14 13:48:18', NULL, '2022-01-14 08:18:18', '2022-01-14 08:18:18'),
(74, 1, '2', 1, 2, '76', 'hdjxnd', NULL, NULL, '1_guard_visitor1642149016.jpg', 1, '4664688686', '2022-01-14 14:00:16', NULL, '2022-01-14 08:30:16', '2022-01-14 08:30:16'),
(75, 1, NULL, 1, 2, '77', 'yhdhd', NULL, NULL, '1_guard_visitor1642149120.jpg', 0, '4646865', '2022-01-14 14:02:00', NULL, '2022-01-14 08:32:00', '2022-01-14 08:32:00'),
(76, 1, '2', 1, 2, '78', 'vaobhav', NULL, NULL, '1_guard_visitor1642149195.jpg', 1, '8937826655', '2022-01-14 14:03:15', NULL, '2022-01-14 08:33:15', '2022-01-14 08:33:15');

-- --------------------------------------------------------

--
-- Table structure for table `guard_visitor_info`
--

CREATE TABLE `guard_visitor_info` (
  `id` int(11) NOT NULL,
  `name` varchar(255) DEFAULT NULL,
  `society_id` varchar(255) DEFAULT NULL,
  `block_id` varchar(255) DEFAULT NULL,
  `flat_id` varchar(255) DEFAULT NULL,
  `phone` varchar(255) DEFAULT NULL,
  `category` varchar(255) DEFAULT NULL,
  `sub_category` varchar(255) DEFAULT NULL,
  `created_at` timestamp NOT NULL DEFAULT CURRENT_TIMESTAMP,
  `updated_at` timestamp NOT NULL DEFAULT CURRENT_TIMESTAMP,
  `reason` text
) ENGINE=InnoDB DEFAULT CHARSET=latin1;

--
-- Dumping data for table `guard_visitor_info`
--

INSERT INTO `guard_visitor_info` (`id`, `name`, `society_id`, `block_id`, `flat_id`, `phone`, `category`, `sub_category`, `created_at`, `updated_at`, `reason`) VALUES
(1, 'sdasdsad', '1', NULL, NULL, '11111111', '', '', '2022-01-04 10:35:47', '2022-01-04 10:35:47', NULL),
(2, 'sdasdsad', '1', NULL, NULL, '11111111', '', '', '2022-01-04 10:37:49', '2022-01-04 10:37:49', NULL),
(3, 'sdasdsad', '1', NULL, NULL, '11111111', '', '', '2022-01-04 10:38:21', '2022-01-04 10:38:21', NULL),
(4, 'egdbhd', '1', NULL, NULL, '56595', '', '', '2022-01-04 10:39:06', '2022-01-04 10:39:06', NULL),
(5, 'sdasdsad', '1', NULL, NULL, '11111111', '', '', '2022-01-04 10:50:29', '2022-01-04 10:50:29', NULL),
(6, 'gf g', '1', NULL, NULL, '56', '', '', '2022-01-04 11:05:44', '2022-01-04 11:05:44', NULL),
(7, 'vvg', '1', NULL, NULL, '655', 'Cab', 'Ola', '2022-01-04 11:10:21', '2022-01-04 11:10:21', NULL),
(8, 'asdas', '1', NULL, NULL, '273273', 'Cab', 'Ola', '2022-01-04 11:25:15', '2022-01-04 11:25:15', NULL),
(9, 'asd', '1', NULL, NULL, '273', 'Cab', 'Ola', '2022-01-04 11:29:54', '2022-01-04 11:29:54', NULL),
(10, 'asd', '1', NULL, NULL, '273273', 'Cab', 'Ola', '2022-01-04 11:43:30', '2022-01-04 11:43:30', NULL),
(11, 'asdsad', '1', NULL, NULL, '273273', 'Cab', 'Ola', '2022-01-04 11:47:49', '2022-01-04 11:47:49', NULL),
(12, 'asdsad', '1', NULL, NULL, '273273', 'Cab', 'Ola', '2022-01-04 11:47:52', '2022-01-04 11:47:52', NULL),
(13, 'asdsad', '1', NULL, NULL, '273273', 'Cab', 'Ola', '2022-01-04 11:48:00', '2022-01-04 11:48:00', NULL),
(14, 'asdsad', '1', NULL, NULL, '273273', 'Cab', 'Ola', '2022-01-04 11:48:09', '2022-01-04 11:48:09', NULL),
(15, 'asdsad', '1', NULL, NULL, '273273', 'Cab', 'Ola', '2022-01-04 11:48:32', '2022-01-04 11:48:32', NULL),
(16, 'asdsad', '1', NULL, NULL, '273273', 'Cab', 'Ola', '2022-01-04 11:49:51', '2022-01-04 11:49:51', NULL),
(17, 'asdsad', '1', NULL, NULL, '273273', 'Cab', 'Ola', '2022-01-04 11:50:09', '2022-01-04 11:50:09', NULL),
(18, 'asdsad', '1', NULL, NULL, '273273', 'Cab', 'Ola', '2022-01-04 11:56:06', '2022-01-04 11:56:06', NULL),
(19, 'asd', '1', NULL, NULL, '273', 'Delivery', 'Food Delivery', '2022-01-04 11:57:09', '2022-01-04 11:57:09', NULL),
(20, 'dfg', '1', NULL, NULL, '334', '', '', '2022-01-04 12:01:44', '2022-01-04 12:01:44', NULL),
(21, 'dfg', '1', NULL, NULL, '334', 'Cab', 'Uber', '2022-01-04 12:02:29', '2022-01-04 12:02:29', NULL),
(22, 'asd', '1', NULL, NULL, '273', 'Cab', 'Ola', '2022-01-04 12:03:45', '2022-01-04 12:03:45', NULL),
(23, 'asd', '1', NULL, NULL, '273', '', '', '2022-01-04 12:06:00', '2022-01-04 12:06:00', NULL),
(24, 'visit 1', '1', NULL, NULL, '1234567890', '', '', '2022-01-07 17:20:45', '2022-01-07 17:20:45', NULL),
(25, 'visit 2', '1', NULL, NULL, '1234567890', '', '', '2022-01-07 17:22:29', '2022-01-07 17:22:29', NULL),
(26, 'Sahil', '1', NULL, NULL, '9969656566', '', '', '2022-01-11 17:36:13', '2022-01-11 17:36:13', NULL),
(27, 'Sahil', '1', NULL, NULL, '9969656566', '', '', '2022-01-11 17:36:16', '2022-01-11 17:36:16', NULL),
(28, 'Sahil', '1', NULL, NULL, '9969656566', '', '', '2022-01-11 17:36:16', '2022-01-11 17:36:16', NULL),
(29, 'Sahil', '1', NULL, NULL, '9969656566', '', '', '2022-01-11 17:36:21', '2022-01-11 17:36:21', NULL),
(30, 'Sahil', '1', NULL, NULL, '9969656566', '', '', '2022-01-11 17:36:23', '2022-01-11 17:36:23', NULL),
(31, 'Sahil', '1', NULL, NULL, '9969656566', '', '', '2022-01-11 17:36:23', '2022-01-11 17:36:23', NULL),
(32, 'Sahil', '1', NULL, NULL, '9969656566', '', '', '2022-01-11 17:36:27', '2022-01-11 17:36:27', NULL),
(33, 'Sahil', '1', NULL, NULL, '9969656566', '', '', '2022-01-11 17:36:30', '2022-01-11 17:36:30', NULL),
(34, 'Sahil', '1', NULL, NULL, '9969656566', '', '', '2022-01-11 17:36:32', '2022-01-11 17:36:32', NULL),
(35, 'Sahil', '1', NULL, NULL, '9969656566', '', '', '2022-01-11 17:36:33', '2022-01-11 17:36:33', NULL),
(36, 'Asgar', '1', NULL, NULL, '5888888888', '', '', '2022-01-11 18:06:05', '2022-01-11 18:06:05', NULL),
(37, 'Asgar', '1', NULL, NULL, '5888888888', '', '', '2022-01-11 18:06:07', '2022-01-11 18:06:07', NULL),
(38, 'Asgar', '1', NULL, NULL, '5888888888', '', '', '2022-01-11 18:06:07', '2022-01-11 18:06:07', NULL),
(39, 'DRIVER', '1', NULL, NULL, '8336588699986865242424246', 'Cab', 'Meru', '2022-01-11 18:16:44', '2022-01-11 18:16:44', NULL),
(40, 'DRIVER', '1', NULL, NULL, '8336588699986865242424246', 'Cab', 'Meru', '2022-01-11 18:16:46', '2022-01-11 18:16:46', NULL),
(41, 'DRIVER', '1', NULL, NULL, '8336588699986865242424246', 'Cab', 'Meru', '2022-01-11 18:16:57', '2022-01-11 18:16:57', NULL),
(42, 'DRIVER', '1', NULL, NULL, '8336588699986865242424246', 'Cab', 'Meru', '2022-01-11 18:17:07', '2022-01-11 18:17:07', NULL),
(43, 'DRIVER', '1', NULL, NULL, '8336588699986865242424246', 'Cab', 'Meru', '2022-01-11 18:17:08', '2022-01-11 18:17:08', NULL),
(44, 'DRIVER', '1', NULL, NULL, '8336588699986865242424246', 'Cab', 'Meru', '2022-01-11 18:17:17', '2022-01-11 18:17:17', NULL),
(45, 'DRIVER', '1', NULL, NULL, '8336588699986865242424246', 'Cab', 'Meru', '2022-01-11 18:17:21', '2022-01-11 18:17:21', NULL),
(46, 'DRIVER', '1', NULL, NULL, '8336588699986865242424246', 'Cab', 'Meru', '2022-01-11 18:17:25', '2022-01-11 18:17:25', NULL),
(47, 'DRIVER', '1', NULL, NULL, '8336588699986865242424246', 'Cab', 'Meru', '2022-01-11 18:17:53', '2022-01-11 18:17:53', NULL),
(48, 'DRIVER', '1', NULL, NULL, '8336588699986865242424246', 'Cab', 'Meru', '2022-01-11 18:17:55', '2022-01-11 18:17:55', NULL),
(49, 'DRIVER', '1', NULL, NULL, '8336588699986865242424246', 'Cab', 'Meru', '2022-01-11 18:17:58', '2022-01-11 18:17:58', NULL),
(50, 'DRIVER', '1', NULL, NULL, '8336588699986865242424246', 'Cab', 'Meru', '2022-01-11 18:17:58', '2022-01-11 18:17:58', NULL),
(51, 'DRIVER', '1', NULL, NULL, '8336588699986865242424246', 'Cab', 'Meru', '2022-01-11 18:18:13', '2022-01-11 18:18:13', NULL),
(52, 'DRIVER', '1', NULL, NULL, '8336588699986865242424246', 'Cab', 'Meru', '2022-01-11 18:18:26', '2022-01-11 18:18:26', NULL),
(53, 'DRIVER', '1', NULL, NULL, '8336588699986865242424246', 'Cab', 'Meru', '2022-01-11 18:18:26', '2022-01-11 18:18:26', NULL),
(54, 'DRIVER', '1', NULL, NULL, '8336588699986865242424246', 'Cab', 'Meru', '2022-01-11 18:18:30', '2022-01-11 18:18:30', NULL),
(55, 'DRIVER', '1', NULL, NULL, '8336588699986865242424246', 'Cab', 'Meru', '2022-01-11 18:18:32', '2022-01-11 18:18:32', NULL),
(56, 'DRIVER', '1', NULL, NULL, '8336588699986865242424246', 'Cab', 'Meru', '2022-01-11 18:18:34', '2022-01-11 18:18:34', NULL),
(57, 'DRIVER', '1', NULL, NULL, '8336588699986865242424246', 'Cab', 'Meru', '2022-01-11 18:18:46', '2022-01-11 18:18:46', NULL),
(58, 'DRIVER', '1', NULL, NULL, '8336588699986865242424246', 'Cab', 'Meru', '2022-01-11 18:18:46', '2022-01-11 18:18:46', NULL),
(59, 'DRIVER', '1', NULL, NULL, '8336588699986865242424246', 'Cab', 'Meru', '2022-01-11 18:18:57', '2022-01-11 18:18:57', NULL),
(60, 'DRIVER', '1', NULL, NULL, '8336588699986865242424246', 'Cab', 'Meru', '2022-01-11 18:18:57', '2022-01-11 18:18:57', NULL),
(61, 'DRIVER', '1', NULL, NULL, '8336588699986865242424246', 'Cab', 'Meru', '2022-01-11 18:19:02', '2022-01-11 18:19:02', NULL),
(62, 'svdb', '1', NULL, NULL, '893782334', '', '', '2022-01-14 08:02:04', '2022-01-14 08:02:04', NULL),
(63, 'shsh', '1', NULL, NULL, '83868', '', '', '2022-01-14 08:03:38', '2022-01-14 08:03:38', NULL),
(64, 'svbsjx', '1', NULL, NULL, '8667797', '', '', '2022-01-14 08:04:17', '2022-01-14 08:04:17', NULL),
(65, 'egdbhd', '1', NULL, NULL, '9794688', '', '', '2022-01-14 08:05:40', '2022-01-14 08:05:40', NULL),
(66, 'bdxbx', '1', NULL, NULL, '646565', '', '', '2022-01-14 08:06:14', '2022-01-14 08:06:14', NULL),
(67, 'rhxh', '1', NULL, NULL, '7995', '', '', '2022-01-14 08:06:35', '2022-01-14 08:06:35', NULL),
(68, 'shxh', '1', NULL, NULL, '79798', '', '', '2022-01-14 08:07:29', '2022-01-14 08:07:29', NULL),
(69, 'xhhx', '1', NULL, NULL, '88656', '', '', '2022-01-14 08:08:03', '2022-01-14 08:08:03', NULL),
(70, 'hhsd', '1', NULL, NULL, '46595', '', '', '2022-01-14 08:10:03', '2022-01-14 08:10:03', NULL),
(71, 'svdvd', '1', NULL, NULL, '8897646565', '', '', '2022-01-14 08:10:53', '2022-01-14 08:10:53', NULL),
(72, 'dvbsdjjdx', '1', NULL, NULL, '4659794694', '', '', '2022-01-14 08:13:39', '2022-01-14 08:13:39', NULL),
(73, 'egdy', '1', NULL, NULL, '46465', '', '', '2022-01-14 08:14:07', '2022-01-14 08:14:07', NULL),
(74, 'egdg', '1', NULL, NULL, '4649', '', '', '2022-01-14 08:16:22', '2022-01-14 08:16:22', NULL),
(75, 'vaibhav', '1', NULL, NULL, '7668898998', '', '', '2022-01-14 08:18:18', '2022-01-14 08:18:18', NULL),
(76, 'hdjxnd', '1', NULL, NULL, '4664688686', '', '', '2022-01-14 08:30:16', '2022-01-14 08:30:16', NULL),
(77, 'yhdhd', '1', NULL, NULL, '4646865', '', '', '2022-01-14 08:32:00', '2022-01-14 08:32:00', NULL),
(78, 'vaobhav', '1', NULL, NULL, '8937826655', '', '', '2022-01-14 08:33:15', '2022-01-14 08:33:15', NULL);

-- --------------------------------------------------------

--
-- Table structure for table `new`
--

CREATE TABLE `new` (
  `id` int(11) NOT NULL,
  `name` varchar(255) DEFAULT NULL,
  `text` longtext
) ENGINE=InnoDB DEFAULT CHARSET=latin1;

--
-- Dumping data for table `new`
--

INSERT INTO `new` (`id`, `name`, `text`) VALUES
(1, NULL, '{\"token\":\"eyJ0eXAiOiJKV1QiLCJhbGciOiJIUzI1NiJ9.eyJpc3MiOiJodHRwczpcL1wvbXlkb29yLmFwcG1hbnRyYS5saXZlXC9ndWFyZGFwaVwvYXBpXC9sb2dpbl9wYXNzd29yZCIsImlhdCI6MTYzODE2NzUxOSwiZXhwIjoxNjQ1OTQzNTE5LCJuYmYiOjE2MzgxNjc1MTksImp0aSI6ImFpVnFJQ2Z4S2hSM0t2TDYiLCJzdWIiOjEsInBydiI6Ijg3ZTBhZjFlZjlmZDE1ODEyZmRlYzk3MTUzYTE0ZTBiMDQ3NTQ2YWEifQ.U1_WHx4pgifwrZC3C1d3qt2vpuk6PCpO1PnHlKO6Q-U\",\"contactName\":\"egdbhd\",\"contactNumber\":\"56595\",\"jsonData\":\"[{\\\"blockId\\\":\\\"1\\\",\\\"flat_no\\\":\\\"A0001\\\"}]\",\"user_image\":{}}');

-- --------------------------------------------------------

--
-- Table structure for table `notice_boards`
--

CREATE TABLE `notice_boards` (
  `id` int(11) NOT NULL,
  `society_id` varchar(255) DEFAULT NULL,
  `title` varchar(255) DEFAULT NULL,
  `description` longtext,
  `status` int(11) NOT NULL DEFAULT '1',
  `created_at` timestamp NOT NULL DEFAULT CURRENT_TIMESTAMP,
  `updated_at` timestamp NOT NULL DEFAULT CURRENT_TIMESTAMP
) ENGINE=InnoDB DEFAULT CHARSET=latin1;

--
-- Dumping data for table `notice_boards`
--

INSERT INTO `notice_boards` (`id`, `society_id`, `title`, `description`, `status`, `created_at`, `updated_at`) VALUES
(1, '1', 'Working Hour', '<p>10:30 Am To 06:30 PM&nbsp;</p>', 1, '2021-12-28 10:44:07', '2022-01-07 11:51:29');

-- --------------------------------------------------------

--
-- Table structure for table `notice_board_documents`
--

CREATE TABLE `notice_board_documents` (
  `id` int(11) NOT NULL,
  `notice_id` varchar(255) DEFAULT NULL,
  `file` varchar(255) DEFAULT NULL,
  `status` int(11) NOT NULL DEFAULT '1',
  `type` varchar(255) DEFAULT NULL,
  `created_at` timestamp NOT NULL DEFAULT CURRENT_TIMESTAMP,
  `updated_at` timestamp NOT NULL DEFAULT CURRENT_TIMESTAMP
) ENGINE=InnoDB DEFAULT CHARSET=latin1;

--
-- Dumping data for table `notice_board_documents`
--

INSERT INTO `notice_board_documents` (`id`, `notice_id`, `file`, `status`, `type`, `created_at`, `updated_at`) VALUES
(1, '1', '040122083710-download.jpg', 1, 'jpg', '2022-01-04 03:07:10', '2022-01-04 03:07:10'),
(2, '1', '040122083710-excel_detail 2.xlsx', 1, 'xlsx', '2022-01-04 03:07:10', '2022-01-04 03:07:10'),
(3, '1', '040122083710-image1.jpg', 1, 'jpg', '2022-01-04 03:07:10', '2022-01-04 03:07:10'),
(4, '1', '040122083710-image2.jpg', 1, 'jpg', '2022-01-04 03:07:10', '2022-01-04 03:07:10');

-- --------------------------------------------------------

--
-- Table structure for table `notifications`
--

CREATE TABLE `notifications` (
  `id` int(11) NOT NULL,
  `user_id` varchar(255) DEFAULT NULL,
  `guard_id` varchar(255) DEFAULT NULL,
  `type` varchar(255) DEFAULT NULL,
  `text` varchar(255) DEFAULT NULL,
  `image` varchar(255) DEFAULT NULL,
  `is_read` int(11) NOT NULL DEFAULT '0',
  `is_send` int(11) NOT NULL DEFAULT '0',
  `created_at` timestamp NOT NULL DEFAULT CURRENT_TIMESTAMP,
  `updated_at` timestamp NOT NULL DEFAULT CURRENT_TIMESTAMP,
  `title` varchar(255) DEFAULT NULL
) ENGINE=InnoDB DEFAULT CHARSET=latin1;

--
-- Dumping data for table `notifications`
--

INSERT INTO `notifications` (`id`, `user_id`, `guard_id`, `type`, `text`, `image`, `is_read`, `is_send`, `created_at`, `updated_at`, `title`) VALUES
(1, '6', NULL, NULL, 'A Visitor Wait At Gate', NULL, 0, 0, '2022-01-04 10:38:21', '2022-01-04 10:38:21', 'A Visitor Wait At Gate'),
(2, '6', NULL, NULL, 'A Visitor Wait At Gate', NULL, 0, 0, '2022-01-04 10:39:06', '2022-01-04 10:39:06', 'A Visitor Wait At Gate'),
(3, '5', NULL, NULL, 'A Visitor Wait At Gate', NULL, 0, 0, '2022-01-04 10:50:30', '2022-01-04 10:50:30', 'A Visitor Wait At Gate'),
(4, '5', NULL, NULL, 'A Visitor Wait At Gate', NULL, 0, 0, '2022-01-04 11:05:44', '2022-01-04 11:05:44', 'A Visitor Wait At Gate'),
(5, '5', NULL, NULL, 'Ola', NULL, 0, 0, '2022-01-04 11:10:22', '2022-01-04 11:10:22', 'Ola'),
(6, '5', NULL, NULL, 'Ola', NULL, 0, 0, '2022-01-04 11:25:15', '2022-01-04 11:25:15', 'Ola'),
(7, '5', NULL, NULL, 'Ola', NULL, 0, 0, '2022-01-04 11:29:54', '2022-01-04 11:29:54', 'Ola'),
(8, '5', NULL, NULL, 'Ola', NULL, 0, 0, '2022-01-04 11:43:30', '2022-01-04 11:43:30', 'Ola'),
(9, '5', NULL, NULL, 'Ola', NULL, 0, 0, '2022-01-04 11:56:07', '2022-01-04 11:56:07', 'Ola'),
(10, '5', NULL, NULL, 'Food Delivery', NULL, 0, 0, '2022-01-04 11:57:09', '2022-01-04 11:57:09', 'Food Delivery'),
(11, '5', NULL, NULL, 'A Visitor Wait At Gate', NULL, 0, 0, '2022-01-04 12:01:45', '2022-01-04 12:01:45', 'A Visitor Wait At Gate'),
(12, '5', NULL, NULL, 'Uber', NULL, 0, 0, '2022-01-04 12:02:29', '2022-01-04 12:02:29', 'Uber'),
(13, '5', NULL, NULL, 'Ola', NULL, 0, 0, '2022-01-04 12:03:46', '2022-01-04 12:03:46', 'Ola'),
(14, '5', NULL, NULL, 'A Visitor Wait At Gate', NULL, 0, 0, '2022-01-04 12:06:00', '2022-01-04 12:06:00', 'A Visitor Wait At Gate'),
(15, NULL, '1', 'emergency', '', NULL, 0, 1, '2022-01-07 17:08:00', '2022-01-07 17:08:00', 'Fire'),
(16, NULL, '1', 'emergency', '', NULL, 0, 1, '2022-01-07 17:08:11', '2022-01-07 17:08:11', 'High Priority Emergency'),
(17, NULL, '1', 'emergency', '', NULL, 0, 1, '2022-01-07 17:08:22', '2022-01-07 17:08:22', 'Stuck In Elevator'),
(18, NULL, '1', NULL, 'hello naveen', NULL, 0, 1, '2022-01-07 17:08:39', '2022-01-07 17:08:39', 'Message From User'),
(19, '3', NULL, NULL, 'A Visitor Wait At Gate', NULL, 0, 0, '2022-01-07 17:20:45', '2022-01-07 17:20:45', 'A Visitor Wait At Gate'),
(20, '5', NULL, NULL, 'A Visitor Wait At Gate', NULL, 0, 0, '2022-01-07 17:20:46', '2022-01-07 17:20:46', 'A Visitor Wait At Gate'),
(21, '3', NULL, NULL, 'A Visitor Wait At Gate', NULL, 0, 0, '2022-01-11 17:36:13', '2022-01-11 17:36:13', 'A Visitor Wait At Gate'),
(22, '5', NULL, NULL, 'A Visitor Wait At Gate', NULL, 0, 0, '2022-01-11 17:36:13', '2022-01-11 17:36:13', 'A Visitor Wait At Gate'),
(23, '3', NULL, NULL, 'A Visitor Wait At Gate', NULL, 0, 0, '2022-01-11 17:36:16', '2022-01-11 17:36:16', 'A Visitor Wait At Gate'),
(24, '3', NULL, NULL, 'A Visitor Wait At Gate', NULL, 0, 0, '2022-01-11 17:36:17', '2022-01-11 17:36:17', 'A Visitor Wait At Gate'),
(25, '5', NULL, NULL, 'A Visitor Wait At Gate', NULL, 0, 0, '2022-01-11 17:36:17', '2022-01-11 17:36:17', 'A Visitor Wait At Gate'),
(26, '5', NULL, NULL, 'A Visitor Wait At Gate', NULL, 0, 0, '2022-01-11 17:36:17', '2022-01-11 17:36:17', 'A Visitor Wait At Gate'),
(27, '3', NULL, NULL, 'A Visitor Wait At Gate', NULL, 0, 0, '2022-01-11 17:36:21', '2022-01-11 17:36:21', 'A Visitor Wait At Gate'),
(28, '5', NULL, NULL, 'A Visitor Wait At Gate', NULL, 0, 0, '2022-01-11 17:36:22', '2022-01-11 17:36:22', 'A Visitor Wait At Gate'),
(29, '3', NULL, NULL, 'A Visitor Wait At Gate', NULL, 0, 0, '2022-01-11 17:36:23', '2022-01-11 17:36:23', 'A Visitor Wait At Gate'),
(30, '5', NULL, NULL, 'A Visitor Wait At Gate', NULL, 0, 0, '2022-01-11 17:36:23', '2022-01-11 17:36:23', 'A Visitor Wait At Gate'),
(31, '3', NULL, NULL, 'A Visitor Wait At Gate', NULL, 0, 0, '2022-01-11 17:36:24', '2022-01-11 17:36:24', 'A Visitor Wait At Gate'),
(32, '5', NULL, NULL, 'A Visitor Wait At Gate', NULL, 0, 0, '2022-01-11 17:36:24', '2022-01-11 17:36:24', 'A Visitor Wait At Gate'),
(33, '3', NULL, NULL, 'A Visitor Wait At Gate', NULL, 0, 0, '2022-01-11 17:36:27', '2022-01-11 17:36:27', 'A Visitor Wait At Gate'),
(34, '5', NULL, NULL, 'A Visitor Wait At Gate', NULL, 0, 0, '2022-01-11 17:36:28', '2022-01-11 17:36:28', 'A Visitor Wait At Gate'),
(35, '3', NULL, NULL, 'A Visitor Wait At Gate', NULL, 0, 0, '2022-01-11 17:36:31', '2022-01-11 17:36:31', 'A Visitor Wait At Gate'),
(36, '5', NULL, NULL, 'A Visitor Wait At Gate', NULL, 0, 0, '2022-01-11 17:36:31', '2022-01-11 17:36:31', 'A Visitor Wait At Gate'),
(37, '3', NULL, NULL, 'A Visitor Wait At Gate', NULL, 0, 0, '2022-01-11 17:36:32', '2022-01-11 17:36:32', 'A Visitor Wait At Gate'),
(38, '5', NULL, NULL, 'A Visitor Wait At Gate', NULL, 0, 0, '2022-01-11 17:36:32', '2022-01-11 17:36:32', 'A Visitor Wait At Gate'),
(39, '3', NULL, NULL, 'A Visitor Wait At Gate', NULL, 0, 0, '2022-01-11 17:36:33', '2022-01-11 17:36:33', 'A Visitor Wait At Gate'),
(40, '5', NULL, NULL, 'A Visitor Wait At Gate', NULL, 0, 0, '2022-01-11 17:36:33', '2022-01-11 17:36:33', 'A Visitor Wait At Gate'),
(41, NULL, '1', NULL, 'jai ho', NULL, 0, 1, '2022-01-11 18:02:50', '2022-01-11 18:02:50', 'Message From User'),
(42, '3', NULL, NULL, 'A Visitor Wait At Gate', NULL, 0, 0, '2022-01-11 18:06:05', '2022-01-11 18:06:05', 'A Visitor Wait At Gate'),
(43, '5', NULL, NULL, 'A Visitor Wait At Gate', NULL, 0, 0, '2022-01-11 18:06:06', '2022-01-11 18:06:06', 'A Visitor Wait At Gate'),
(44, '3', NULL, NULL, 'A Visitor Wait At Gate', NULL, 0, 0, '2022-01-11 18:06:07', '2022-01-11 18:06:07', 'A Visitor Wait At Gate'),
(45, '3', NULL, NULL, 'A Visitor Wait At Gate', NULL, 0, 0, '2022-01-11 18:06:07', '2022-01-11 18:06:07', 'A Visitor Wait At Gate'),
(46, '5', NULL, NULL, 'A Visitor Wait At Gate', NULL, 0, 0, '2022-01-11 18:06:07', '2022-01-11 18:06:07', 'A Visitor Wait At Gate'),
(47, '5', NULL, NULL, 'A Visitor Wait At Gate', NULL, 0, 0, '2022-01-11 18:06:07', '2022-01-11 18:06:07', 'A Visitor Wait At Gate'),
(48, '3', NULL, NULL, 'Meru', NULL, 0, 0, '2022-01-11 18:16:45', '2022-01-11 18:16:45', 'Meru'),
(49, '5', NULL, NULL, 'Meru', NULL, 0, 0, '2022-01-11 18:16:45', '2022-01-11 18:16:45', 'Meru'),
(50, '3', NULL, NULL, 'Meru', NULL, 0, 0, '2022-01-11 18:16:46', '2022-01-11 18:16:46', 'Meru'),
(51, '5', NULL, NULL, 'Meru', NULL, 0, 0, '2022-01-11 18:16:46', '2022-01-11 18:16:46', 'Meru'),
(52, '3', NULL, NULL, 'Meru', NULL, 0, 0, '2022-01-11 18:16:58', '2022-01-11 18:16:58', 'Meru'),
(53, '5', NULL, NULL, 'Meru', NULL, 0, 0, '2022-01-11 18:16:58', '2022-01-11 18:16:58', 'Meru'),
(54, '3', NULL, NULL, 'Meru', NULL, 0, 0, '2022-01-11 18:17:07', '2022-01-11 18:17:07', 'Meru'),
(55, '5', NULL, NULL, 'Meru', NULL, 0, 0, '2022-01-11 18:17:08', '2022-01-11 18:17:08', 'Meru'),
(56, '3', NULL, NULL, 'Meru', NULL, 0, 0, '2022-01-11 18:17:08', '2022-01-11 18:17:08', 'Meru'),
(57, '5', NULL, NULL, 'Meru', NULL, 0, 0, '2022-01-11 18:17:08', '2022-01-11 18:17:08', 'Meru'),
(58, '3', NULL, NULL, 'Meru', NULL, 0, 0, '2022-01-11 18:17:17', '2022-01-11 18:17:17', 'Meru'),
(59, '5', NULL, NULL, 'Meru', NULL, 0, 0, '2022-01-11 18:17:17', '2022-01-11 18:17:17', 'Meru'),
(60, '3', NULL, NULL, 'Meru', NULL, 0, 0, '2022-01-11 18:17:21', '2022-01-11 18:17:21', 'Meru'),
(61, '5', NULL, NULL, 'Meru', NULL, 0, 0, '2022-01-11 18:17:21', '2022-01-11 18:17:21', 'Meru'),
(62, '3', NULL, NULL, 'Meru', NULL, 0, 0, '2022-01-11 18:17:25', '2022-01-11 18:17:25', 'Meru'),
(63, '5', NULL, NULL, 'Meru', NULL, 0, 0, '2022-01-11 18:17:25', '2022-01-11 18:17:25', 'Meru'),
(64, NULL, '1', 'emergency', '', NULL, 0, 1, '2022-01-11 18:17:53', '2022-01-11 18:17:53', 'High Priority Emergency'),
(65, '3', NULL, NULL, 'Meru', NULL, 0, 0, '2022-01-11 18:17:54', '2022-01-11 18:17:54', 'Meru'),
(66, '5', NULL, NULL, 'Meru', NULL, 0, 0, '2022-01-11 18:17:54', '2022-01-11 18:17:54', 'Meru'),
(67, '3', NULL, NULL, 'Meru', NULL, 0, 0, '2022-01-11 18:17:55', '2022-01-11 18:17:55', 'Meru'),
(68, '5', NULL, NULL, 'Meru', NULL, 0, 0, '2022-01-11 18:17:55', '2022-01-11 18:17:55', 'Meru'),
(69, '3', NULL, NULL, 'Meru', NULL, 0, 0, '2022-01-11 18:17:58', '2022-01-11 18:17:58', 'Meru'),
(70, '5', NULL, NULL, 'Meru', NULL, 0, 0, '2022-01-11 18:17:58', '2022-01-11 18:17:58', 'Meru'),
(71, '3', NULL, NULL, 'Meru', NULL, 0, 0, '2022-01-11 18:17:59', '2022-01-11 18:17:59', 'Meru'),
(72, '5', NULL, NULL, 'Meru', NULL, 0, 0, '2022-01-11 18:17:59', '2022-01-11 18:17:59', 'Meru'),
(73, '3', NULL, NULL, 'Meru', NULL, 0, 0, '2022-01-11 18:18:13', '2022-01-11 18:18:13', 'Meru'),
(74, '5', NULL, NULL, 'Meru', NULL, 0, 0, '2022-01-11 18:18:13', '2022-01-11 18:18:13', 'Meru'),
(75, '3', NULL, NULL, 'Meru', NULL, 0, 0, '2022-01-11 18:18:26', '2022-01-11 18:18:26', 'Meru'),
(76, '5', NULL, NULL, 'Meru', NULL, 0, 0, '2022-01-11 18:18:26', '2022-01-11 18:18:26', 'Meru'),
(77, '3', NULL, NULL, 'Meru', NULL, 0, 0, '2022-01-11 18:18:26', '2022-01-11 18:18:26', 'Meru'),
(78, '5', NULL, NULL, 'Meru', NULL, 0, 0, '2022-01-11 18:18:26', '2022-01-11 18:18:26', 'Meru'),
(79, '3', NULL, NULL, 'Meru', NULL, 0, 0, '2022-01-11 18:18:30', '2022-01-11 18:18:30', 'Meru'),
(80, '5', NULL, NULL, 'Meru', NULL, 0, 0, '2022-01-11 18:18:30', '2022-01-11 18:18:30', 'Meru'),
(81, '3', NULL, NULL, 'Meru', NULL, 0, 0, '2022-01-11 18:18:32', '2022-01-11 18:18:32', 'Meru'),
(82, '5', NULL, NULL, 'Meru', NULL, 0, 0, '2022-01-11 18:18:32', '2022-01-11 18:18:32', 'Meru'),
(83, '3', NULL, NULL, 'Meru', NULL, 0, 0, '2022-01-11 18:18:34', '2022-01-11 18:18:34', 'Meru'),
(84, '5', NULL, NULL, 'Meru', NULL, 0, 0, '2022-01-11 18:18:34', '2022-01-11 18:18:34', 'Meru'),
(85, NULL, '1', 'emergency', '', NULL, 0, 1, '2022-01-11 18:18:45', '2022-01-11 18:18:45', 'Stuck In Elevator'),
(86, '3', NULL, NULL, 'Meru', NULL, 0, 0, '2022-01-11 18:18:47', '2022-01-11 18:18:47', 'Meru'),
(87, '3', NULL, NULL, 'Meru', NULL, 0, 0, '2022-01-11 18:18:47', '2022-01-11 18:18:47', 'Meru'),
(88, '5', NULL, NULL, 'Meru', NULL, 0, 0, '2022-01-11 18:18:47', '2022-01-11 18:18:47', 'Meru'),
(89, '5', NULL, NULL, 'Meru', NULL, 0, 0, '2022-01-11 18:18:47', '2022-01-11 18:18:47', 'Meru'),
(90, '3', NULL, NULL, 'Meru', NULL, 0, 0, '2022-01-11 18:18:57', '2022-01-11 18:18:57', 'Meru'),
(91, '5', NULL, NULL, 'Meru', NULL, 0, 0, '2022-01-11 18:18:57', '2022-01-11 18:18:57', 'Meru'),
(92, '3', NULL, NULL, 'Meru', NULL, 0, 0, '2022-01-11 18:18:57', '2022-01-11 18:18:57', 'Meru'),
(93, '5', NULL, NULL, 'Meru', NULL, 0, 0, '2022-01-11 18:18:57', '2022-01-11 18:18:57', 'Meru'),
(94, '3', NULL, NULL, 'Meru', NULL, 0, 0, '2022-01-11 18:19:02', '2022-01-11 18:19:02', 'Meru'),
(95, '5', NULL, NULL, 'Meru', NULL, 0, 0, '2022-01-11 18:19:02', '2022-01-11 18:19:02', 'Meru'),
(96, NULL, '1', 'emergency', '', NULL, 0, 1, '2022-01-11 18:19:11', '2022-01-11 18:19:11', 'Fire'),
(97, NULL, '1', 'emergency', '', NULL, 0, 1, '2022-01-11 18:20:04', '2022-01-11 18:20:04', 'Fire'),
(98, '2', NULL, NULL, 'A Visitor Wait At Gate', NULL, 0, 0, '2022-01-14 08:02:05', '2022-01-14 08:02:05', 'A Visitor Wait At Gate'),
(99, '3', NULL, NULL, 'A Visitor Wait At Gate', NULL, 0, 0, '2022-01-14 08:03:39', '2022-01-14 08:03:39', 'A Visitor Wait At Gate'),
(100, '5', NULL, NULL, 'A Visitor Wait At Gate', NULL, 0, 0, '2022-01-14 08:03:39', '2022-01-14 08:03:39', 'A Visitor Wait At Gate'),
(101, '6', NULL, NULL, 'A Visitor Wait At Gate', NULL, 0, 0, '2022-01-14 08:03:39', '2022-01-14 08:03:39', 'A Visitor Wait At Gate'),
(102, '3', NULL, NULL, 'A Visitor Wait At Gate', NULL, 0, 0, '2022-01-14 08:04:18', '2022-01-14 08:04:18', 'A Visitor Wait At Gate'),
(103, '5', NULL, NULL, 'A Visitor Wait At Gate', NULL, 0, 0, '2022-01-14 08:04:18', '2022-01-14 08:04:18', 'A Visitor Wait At Gate'),
(104, '6', NULL, NULL, 'A Visitor Wait At Gate', NULL, 0, 0, '2022-01-14 08:04:18', '2022-01-14 08:04:18', 'A Visitor Wait At Gate'),
(105, '3', NULL, NULL, 'A Visitor Wait At Gate', NULL, 0, 0, '2022-01-14 08:05:41', '2022-01-14 08:05:41', 'A Visitor Wait At Gate'),
(106, '5', NULL, NULL, 'A Visitor Wait At Gate', NULL, 0, 0, '2022-01-14 08:05:41', '2022-01-14 08:05:41', 'A Visitor Wait At Gate'),
(107, '6', NULL, NULL, 'A Visitor Wait At Gate', NULL, 0, 0, '2022-01-14 08:05:41', '2022-01-14 08:05:41', 'A Visitor Wait At Gate'),
(108, '3', NULL, NULL, 'A Visitor Wait At Gate', NULL, 0, 0, '2022-01-14 08:06:14', '2022-01-14 08:06:14', 'A Visitor Wait At Gate'),
(109, '5', NULL, NULL, 'A Visitor Wait At Gate', NULL, 0, 0, '2022-01-14 08:06:14', '2022-01-14 08:06:14', 'A Visitor Wait At Gate'),
(110, '6', NULL, NULL, 'A Visitor Wait At Gate', NULL, 0, 0, '2022-01-14 08:06:15', '2022-01-14 08:06:15', 'A Visitor Wait At Gate'),
(111, '3', NULL, NULL, 'A Visitor Wait At Gate', NULL, 0, 0, '2022-01-14 08:06:35', '2022-01-14 08:06:35', 'A Visitor Wait At Gate'),
(112, '5', NULL, NULL, 'A Visitor Wait At Gate', NULL, 0, 0, '2022-01-14 08:06:35', '2022-01-14 08:06:35', 'A Visitor Wait At Gate'),
(113, '6', NULL, NULL, 'A Visitor Wait At Gate', NULL, 0, 0, '2022-01-14 08:06:36', '2022-01-14 08:06:36', 'A Visitor Wait At Gate'),
(114, '3', NULL, NULL, 'A Visitor Wait At Gate', NULL, 0, 0, '2022-01-14 08:07:29', '2022-01-14 08:07:29', 'A Visitor Wait At Gate'),
(115, '5', NULL, NULL, 'A Visitor Wait At Gate', NULL, 0, 0, '2022-01-14 08:07:29', '2022-01-14 08:07:29', 'A Visitor Wait At Gate'),
(116, '6', NULL, NULL, 'A Visitor Wait At Gate', NULL, 0, 0, '2022-01-14 08:07:29', '2022-01-14 08:07:29', 'A Visitor Wait At Gate'),
(117, '3', NULL, NULL, 'A Visitor Wait At Gate', NULL, 0, 0, '2022-01-14 08:08:03', '2022-01-14 08:08:03', 'A Visitor Wait At Gate'),
(118, '5', NULL, NULL, 'A Visitor Wait At Gate', NULL, 0, 0, '2022-01-14 08:08:03', '2022-01-14 08:08:03', 'A Visitor Wait At Gate'),
(119, '6', NULL, NULL, 'A Visitor Wait At Gate', NULL, 0, 0, '2022-01-14 08:08:03', '2022-01-14 08:08:03', 'A Visitor Wait At Gate'),
(120, '2', NULL, NULL, 'A Visitor Wait At Gate', NULL, 0, 0, '2022-01-14 08:10:04', '2022-01-14 08:10:04', 'A Visitor Wait At Gate'),
(121, '3', NULL, NULL, 'A Visitor Wait At Gate', NULL, 0, 0, '2022-01-14 08:10:53', '2022-01-14 08:10:53', 'A Visitor Wait At Gate'),
(122, '5', NULL, NULL, 'A Visitor Wait At Gate', NULL, 0, 0, '2022-01-14 08:10:53', '2022-01-14 08:10:53', 'A Visitor Wait At Gate'),
(123, '6', NULL, NULL, 'A Visitor Wait At Gate', NULL, 0, 0, '2022-01-14 08:10:54', '2022-01-14 08:10:54', 'A Visitor Wait At Gate'),
(124, '6', NULL, NULL, 'A Visitor Wait At Gate', NULL, 0, 0, '2022-01-14 08:13:40', '2022-01-14 08:13:40', 'A Visitor Wait At Gate'),
(125, '6', NULL, NULL, 'A Visitor Wait At Gate', NULL, 0, 0, '2022-01-14 08:14:07', '2022-01-14 08:14:07', 'A Visitor Wait At Gate'),
(126, '5', NULL, NULL, 'A Visitor Wait At Gate', NULL, 0, 0, '2022-01-14 08:16:22', '2022-01-14 08:16:22', 'A Visitor Wait At Gate'),
(127, '6', NULL, NULL, 'A Visitor Wait At Gate', NULL, 0, 0, '2022-01-14 08:16:23', '2022-01-14 08:16:23', 'A Visitor Wait At Gate'),
(128, '5', NULL, NULL, 'A Visitor Wait At Gate', NULL, 0, 0, '2022-01-14 08:18:19', '2022-01-14 08:18:19', 'A Visitor Wait At Gate'),
(129, '6', NULL, NULL, 'A Visitor Wait At Gate', NULL, 0, 0, '2022-01-14 08:18:19', '2022-01-14 08:18:19', 'A Visitor Wait At Gate'),
(130, '2', NULL, NULL, 'A Visitor Wait At Gate', NULL, 0, 0, '2022-01-14 08:30:17', '2022-01-14 08:30:17', 'A Visitor Wait At Gate'),
(131, '2', NULL, NULL, 'A Visitor Wait At Gate', NULL, 0, 0, '2022-01-14 08:32:01', '2022-01-14 08:32:01', 'A Visitor Wait At Gate'),
(132, '2', NULL, NULL, 'A Visitor Wait At Gate', NULL, 0, 0, '2022-01-14 08:33:15', '2022-01-14 08:33:15', 'A Visitor Wait At Gate'),
(133, NULL, '1', 'emergency', '', NULL, 0, 1, '2022-01-14 09:23:35', '2022-01-14 09:23:35', 'Stuck In Elevator'),
(134, NULL, '1', 'emergency', '', NULL, 0, 1, '2022-01-14 09:24:02', '2022-01-14 09:24:02', 'Fire'),
(135, NULL, '1', 'emergency', '', NULL, 0, 1, '2022-01-14 09:25:05', '2022-01-14 09:25:05', 'Fire'),
(136, NULL, '1', 'emergency', '', NULL, 0, 1, '2022-01-14 10:01:17', '2022-01-14 10:01:17', 'Gas leak'),
(137, NULL, '2', 'emergency', '', NULL, 0, 1, '2022-01-14 10:01:17', '2022-01-14 10:01:17', 'Gas leak'),
(138, NULL, '1', 'emergency', '', NULL, 0, 1, '2022-01-14 10:01:33', '2022-01-14 10:01:33', 'High Priority Emergency'),
(139, NULL, '2', 'emergency', '', NULL, 0, 1, '2022-01-14 10:01:34', '2022-01-14 10:01:34', 'High Priority Emergency'),
(140, NULL, '1', 'emergency', '', NULL, 0, 1, '2022-01-14 10:01:34', '2022-01-14 10:01:34', 'High Priority Emergency'),
(141, NULL, '2', 'emergency', '', NULL, 0, 1, '2022-01-14 10:01:34', '2022-01-14 10:01:34', 'High Priority Emergency'),
(142, NULL, '1', 'emergency', '', NULL, 0, 1, '2022-01-14 10:01:43', '2022-01-14 10:01:43', 'High Priority Emergency'),
(143, NULL, '2', 'emergency', '', NULL, 0, 1, '2022-01-14 10:01:44', '2022-01-14 10:01:44', 'High Priority Emergency'),
(144, NULL, '1', 'emergency', '', NULL, 0, 1, '2022-01-14 10:02:40', '2022-01-14 10:02:40', 'High Priority Emergency'),
(145, NULL, '2', 'emergency', '', NULL, 0, 1, '2022-01-14 10:02:41', '2022-01-14 10:02:41', 'High Priority Emergency'),
(146, NULL, '1', 'emergency', '', NULL, 0, 1, '2022-01-14 10:03:59', '2022-01-14 10:03:59', 'High Priority Emergency'),
(147, NULL, '2', 'emergency', '', NULL, 0, 1, '2022-01-14 10:03:59', '2022-01-14 10:03:59', 'High Priority Emergency'),
(148, NULL, '1', 'emergency', '', NULL, 0, 1, '2022-01-14 10:05:02', '2022-01-14 10:05:02', 'Fire'),
(149, NULL, '2', 'emergency', '', NULL, 0, 1, '2022-01-14 10:05:02', '2022-01-14 10:05:02', 'Fire'),
(150, NULL, '1', 'emergency', '', NULL, 0, 1, '2022-01-14 10:05:33', '2022-01-14 10:05:33', 'Stuck In Elevator'),
(151, NULL, '2', 'emergency', '', NULL, 0, 1, '2022-01-14 10:05:33', '2022-01-14 10:05:33', 'Stuck In Elevator'),
(152, NULL, '1', 'emergency', '', NULL, 0, 1, '2022-01-14 10:05:43', '2022-01-14 10:05:43', 'Fire'),
(153, NULL, '2', 'emergency', '', NULL, 0, 1, '2022-01-14 10:05:43', '2022-01-14 10:05:43', 'Fire'),
(154, NULL, '1', NULL, 'fff', NULL, 0, 1, '2022-01-14 10:06:14', '2022-01-14 10:06:14', 'Message From User'),
(155, NULL, '2', NULL, 'fff', NULL, 0, 1, '2022-01-14 10:06:15', '2022-01-14 10:06:15', 'Message From User');

-- --------------------------------------------------------

--
-- Table structure for table `notification_documents`
--

CREATE TABLE `notification_documents` (
  `id` int(11) NOT NULL,
  `file_name` varchar(255) DEFAULT NULL,
  `not_id` varchar(255) DEFAULT NULL,
  `type` varchar(255) DEFAULT NULL,
  `status` int(11) NOT NULL DEFAULT '1',
  `created_at` timestamp NOT NULL DEFAULT CURRENT_TIMESTAMP,
  `updated_at` timestamp NOT NULL DEFAULT CURRENT_TIMESTAMP
) ENGINE=InnoDB DEFAULT CHARSET=latin1;

-- --------------------------------------------------------

--
-- Table structure for table `payments`
--

CREATE TABLE `payments` (
  `id` int(11) NOT NULL,
  `name` varchar(255) DEFAULT NULL,
  `amount` varchar(255) DEFAULT NULL,
  `payment_id` varchar(255) DEFAULT NULL,
  `unpaidIds` varchar(255) DEFAULT NULL,
  `razorpay_id` varchar(255) DEFAULT NULL,
  `payment_done` varchar(255) DEFAULT NULL,
  `created_at` timestamp NOT NULL DEFAULT CURRENT_TIMESTAMP,
  `updated_at` timestamp NOT NULL DEFAULT CURRENT_TIMESTAMP
) ENGINE=InnoDB DEFAULT CHARSET=latin1;

--
-- Dumping data for table `payments`
--

INSERT INTO `payments` (`id`, `name`, `amount`, `payment_id`, `unpaidIds`, `razorpay_id`, `payment_done`, `created_at`, `updated_at`) VALUES
(1, 'adi', '200', 'order_IfbWvIK4Dr7WXY', '1', 'pay_IfbXPrr1Rb3ltC', '1', '2022-01-04 08:47:52', '2022-01-04 08:47:52'),
(2, 'Shubham Sharma', '300', 'order_IjZNKUD3XUbsds', '2', NULL, NULL, '2022-01-14 09:17:24', '2022-01-14 09:17:24'),
(3, 'Shubham Sharma', '300', 'order_IjZNfp0scPexOY', '2', 'pay_IjZO9QApry79GT', '1', '2022-01-14 09:17:43', '2022-01-14 09:17:43');

-- --------------------------------------------------------

--
-- Table structure for table `permission`
--

CREATE TABLE `permission` (
  `id` int(11) NOT NULL,
  `role_id` int(11) NOT NULL,
  `section_name` varchar(255) NOT NULL,
  `add_section` int(11) NOT NULL,
  `edit_section` int(11) NOT NULL,
  `delete_section` int(11) NOT NULL,
  `show_section` int(11) NOT NULL,
  `created_at` timestamp NOT NULL DEFAULT CURRENT_TIMESTAMP,
  `updated_at` timestamp NOT NULL DEFAULT CURRENT_TIMESTAMP
) ENGINE=InnoDB DEFAULT CHARSET=latin1;

-- --------------------------------------------------------

--
-- Table structure for table `roles`
--

CREATE TABLE `roles` (
  `id` int(11) NOT NULL,
  `name` varchar(255) NOT NULL,
  `status` int(11) NOT NULL DEFAULT '1',
  `created_at` timestamp NOT NULL DEFAULT CURRENT_TIMESTAMP,
  `updated_at` timestamp NOT NULL DEFAULT CURRENT_TIMESTAMP
) ENGINE=InnoDB DEFAULT CHARSET=latin1;

-- --------------------------------------------------------

--
-- Table structure for table `send_notification_type`
--

CREATE TABLE `send_notification_type` (
  `id` int(11) NOT NULL,
  `society_id` varchar(255) DEFAULT NULL,
  `block_id` varchar(255) DEFAULT NULL,
  `flat_id` varchar(255) DEFAULT NULL,
  `title` longtext,
  `image` varchar(255) DEFAULT NULL,
  `type` varchar(255) DEFAULT NULL,
  `text` longtext,
  `status` varchar(255) NOT NULL DEFAULT 'N',
  `created_at` timestamp NOT NULL DEFAULT CURRENT_TIMESTAMP,
  `updated_at` timestamp NOT NULL DEFAULT CURRENT_TIMESTAMP
) ENGINE=InnoDB DEFAULT CHARSET=latin1;

-- --------------------------------------------------------

--
-- Table structure for table `services`
--

CREATE TABLE `services` (
  `id` int(11) NOT NULL,
  `society_id` int(11) NOT NULL,
  `name` varchar(255) DEFAULT NULL,
  `image` varchar(255) DEFAULT NULL,
  `status` int(11) NOT NULL,
  `added_by` varchar(255) DEFAULT NULL,
  `is_delete` int(11) NOT NULL DEFAULT '0',
  `created_at` timestamp NOT NULL DEFAULT CURRENT_TIMESTAMP,
  `updated_at` timestamp NOT NULL DEFAULT CURRENT_TIMESTAMP
) ENGINE=InnoDB DEFAULT CHARSET=latin1;

--
-- Dumping data for table `services`
--

INSERT INTO `services` (`id`, `society_id`, `name`, `image`, `status`, `added_by`, `is_delete`, `created_at`, `updated_at`) VALUES
(1, 0, 'Electric', '281221050106-SPA.jpg', 1, '0', 0, '2021-12-28 11:31:06', '2021-12-28 11:32:03'),
(2, 0, 'Maid', NULL, 1, '0', 0, '2022-01-14 01:45:51', '2022-01-14 01:45:51');

-- --------------------------------------------------------

--
-- Table structure for table `service_details`
--

CREATE TABLE `service_details` (
  `id` int(11) NOT NULL,
  `service_id` int(11) NOT NULL,
  `society_id` int(11) DEFAULT NULL,
  `title` varchar(255) DEFAULT NULL,
  `price` varchar(255) DEFAULT NULL,
  `image` varchar(255) DEFAULT NULL,
  `added_by` varchar(255) DEFAULT NULL,
  `status` int(11) NOT NULL,
  `description` longtext,
  `is_delete` int(11) NOT NULL DEFAULT '0',
  `created_at` timestamp NOT NULL DEFAULT CURRENT_TIMESTAMP,
  `updated_at` timestamp NOT NULL DEFAULT CURRENT_TIMESTAMP
) ENGINE=InnoDB DEFAULT CHARSET=latin1;

-- --------------------------------------------------------

--
-- Table structure for table `service_users`
--

CREATE TABLE `service_users` (
  `id` int(11) NOT NULL,
  `service_id` int(11) NOT NULL,
  `society_id` int(11) DEFAULT NULL,
  `name` varchar(255) DEFAULT NULL,
  `email` varchar(255) DEFAULT NULL,
  `phone` varchar(255) DEFAULT NULL,
  `image` varchar(255) DEFAULT NULL,
  `id_proof` varchar(255) DEFAULT NULL,
  `is_delete` int(11) DEFAULT '0',
  `status` int(11) NOT NULL,
  `created_at` timestamp NOT NULL DEFAULT CURRENT_TIMESTAMP,
  `updated_at` timestamp NOT NULL DEFAULT CURRENT_TIMESTAMP
) ENGINE=InnoDB DEFAULT CHARSET=latin1;

--
-- Dumping data for table `service_users`
--

INSERT INTO `service_users` (`id`, `service_id`, `society_id`, `name`, `email`, `phone`, `image`, `id_proof`, `is_delete`, `status`, `created_at`, `updated_at`) VALUES
(1, 1, 1, 'Test', 'test@gmail.com', '123456', NULL, NULL, 0, 1, '2022-01-14 01:39:33', '2022-01-14 01:39:33'),
(2, 2, 1, 'Maid1', 'maid@gmail.com', '124563576512378', NULL, NULL, 0, 1, '2022-01-14 01:46:25', '2022-01-14 01:46:25');

-- --------------------------------------------------------

--
-- Table structure for table `setting`
--

CREATE TABLE `setting` (
  `id` int(11) NOT NULL,
  `refer` longtext NOT NULL,
  `radius` longtext NOT NULL,
  `privacy` longtext NOT NULL,
  `terms` longtext NOT NULL,
  `about` longtext NOT NULL,
  `created_at` timestamp NOT NULL DEFAULT CURRENT_TIMESTAMP,
  `updated_at` timestamp NOT NULL DEFAULT CURRENT_TIMESTAMP
) ENGINE=InnoDB DEFAULT CHARSET=latin1;

-- --------------------------------------------------------

--
-- Table structure for table `settings`
--

CREATE TABLE `settings` (
  `id` int(11) NOT NULL,
  `refer_earn_amount` varchar(255) NOT NULL,
  `about_us` longtext NOT NULL,
  `privacypolicy` longtext NOT NULL,
  `contactus` longtext NOT NULL,
  `terms` longtext NOT NULL,
  `created_at` timestamp NOT NULL DEFAULT CURRENT_TIMESTAMP,
  `updated_at` timestamp NOT NULL DEFAULT CURRENT_TIMESTAMP
) ENGINE=InnoDB DEFAULT CHARSET=latin1;

-- --------------------------------------------------------

--
-- Table structure for table `societies`
--

CREATE TABLE `societies` (
  `id` int(11) NOT NULL,
  `name` varchar(255) DEFAULT NULL,
  `description` text,
  `location` varchar(255) DEFAULT NULL,
  `state_id` int(11) NOT NULL,
  `city_id` int(11) NOT NULL,
  `added_by` int(11) NOT NULL,
  `created_at` timestamp NOT NULL DEFAULT CURRENT_TIMESTAMP,
  `updated_at` timestamp NOT NULL DEFAULT CURRENT_TIMESTAMP,
  `status` int(11) NOT NULL,
  `is_delete` int(11) DEFAULT '0'
) ENGINE=InnoDB DEFAULT CHARSET=latin1;

--
-- Dumping data for table `societies`
--

INSERT INTO `societies` (`id`, `name`, `description`, `location`, `state_id`, `city_id`, `added_by`, `created_at`, `updated_at`, `status`, `is_delete`) VALUES
(1, 'Uberize Villa', '<p>A Complete facility at one Place.</p>', 'AnoraKala', 32, 506, 1, '2021-12-28 10:33:17', '2021-12-28 10:33:17', 1, 0),
(2, 'Uberize Green House', '<p>Fully Furnished and 24*7 Electricity&nbsp;</p>', 'Lucknow', 32, 506, 1, '2022-01-07 11:40:09', '2022-01-07 11:40:09', 1, 0);

-- --------------------------------------------------------

--
-- Table structure for table `societyadmins`
--

CREATE TABLE `societyadmins` (
  `id` int(11) NOT NULL,
  `name` varchar(255) DEFAULT NULL,
  `username` varchar(255) DEFAULT NULL,
  `email` varchar(255) DEFAULT NULL,
  `password` varchar(255) DEFAULT NULL,
  `society_id` int(11) DEFAULT NULL,
  `phone` varchar(255) DEFAULT NULL,
  `state_id` int(11) DEFAULT NULL,
  `city_id` int(11) DEFAULT NULL,
  `address` varchar(255) DEFAULT NULL,
  `rember_token` varchar(255) DEFAULT NULL,
  `status` int(11) NOT NULL DEFAULT '1',
  `created_at` timestamp NOT NULL DEFAULT CURRENT_TIMESTAMP,
  `updated_at` timestamp NOT NULL DEFAULT CURRENT_TIMESTAMP,
  `image` varchar(255) DEFAULT NULL,
  `is_approve` int(11) NOT NULL DEFAULT '0',
  `remarks` text
) ENGINE=InnoDB DEFAULT CHARSET=latin1;

-- --------------------------------------------------------

--
-- Table structure for table `societyusers`
--

CREATE TABLE `societyusers` (
  `id` int(11) NOT NULL,
  `name` varchar(255) NOT NULL,
  `email` varchar(255) NOT NULL,
  `society_id` int(11) DEFAULT NULL,
  `block_id` int(11) DEFAULT NULL,
  `flat_no` varchar(255) DEFAULT NULL,
  `flat_cat_id` varchar(255) DEFAULT NULL,
  `is_approve` int(11) DEFAULT NULL,
  `status` int(11) DEFAULT NULL,
  `location` varchar(255) DEFAULT NULL,
  `gender` varchar(255) DEFAULT NULL,
  `referral_code` varchar(255) DEFAULT NULL,
  `parent` int(11) NOT NULL DEFAULT '0',
  `state_id` int(11) DEFAULT NULL,
  `no_of_dose` int(11) DEFAULT NULL,
  `city_id` int(11) DEFAULT NULL,
  `photo` varchar(255) DEFAULT NULL,
  `referral_userID` varchar(255) DEFAULT NULL,
  `phone` varchar(255) NOT NULL,
  `document` varchar(255) DEFAULT NULL,
  `user_type` varchar(255) DEFAULT NULL,
  `created_at` timestamp NOT NULL DEFAULT CURRENT_TIMESTAMP,
  `updated_at` timestamp NOT NULL DEFAULT CURRENT_TIMESTAMP,
  `is_delete` int(11) NOT NULL DEFAULT '0',
  `added_by` int(11) DEFAULT NULL
) ENGINE=InnoDB DEFAULT CHARSET=latin1;

--
-- Dumping data for table `societyusers`
--

INSERT INTO `societyusers` (`id`, `name`, `email`, `society_id`, `block_id`, `flat_no`, `flat_cat_id`, `is_approve`, `status`, `location`, `gender`, `referral_code`, `parent`, `state_id`, `no_of_dose`, `city_id`, `photo`, `referral_userID`, `phone`, `document`, `user_type`, `created_at`, `updated_at`, `is_delete`, `added_by`) VALUES
(1, 'vaibhav', 'email@gmail.com', NULL, NULL, NULL, NULL, 1, 1, NULL, 'Male', 'PUXSL9MH', 0, NULL, 1, NULL, 'user.png', NULL, '8937823310', NULL, NULL, '2021-12-28 11:46:45', '2022-01-04 00:59:21', 0, NULL),
(2, 'Shubham Sharma', 'shubga@gmail.com', 1, 1, '2', '1', 1, 1, NULL, 'male', 'CGDZ15ZH', 0, 15, 1, 348, 'user.png', NULL, '7905056344', NULL, 'owner', '2021-12-28 16:04:15', '2022-01-14 08:29:50', 0, NULL),
(3, 'Manish Sharma', 'er.manish691@gmail.com', 1, 1, '1', '1', 1, 1, 'Uberize Villa', 'Male', '2M7IXN3D', 0, 32, 1, 506, 'user.png', NULL, '8512036350', NULL, 'owner', '2021-12-28 16:08:35', '2022-01-07 17:14:03', 0, NULL),
(4, 'shubh', 'bgg@gmail.com', NULL, NULL, NULL, NULL, 1, 1, 'Uberize Villa', NULL, NULL, 3, NULL, NULL, NULL, NULL, NULL, '93070 35210', NULL, 'family_user', '2021-12-28 16:50:12', '2021-12-28 16:50:12', 0, NULL),
(5, 'adi', 'adi@gmail.com', 1, 1, '1', NULL, 1, 1, 'Uberize Villa', 'Male', 'K4HR1GZ0', 0, 9, 2, 203, 'user.png', NULL, '7017004492', NULL, NULL, '2021-12-29 09:10:46', '2022-01-14 09:10:49', 0, NULL),
(6, 'Manu', 'er.manisj691@gmail.com', 1, 1, '1', NULL, 1, 1, 'Uberize Villa', 'Male', 'P5K4TR5C', 0, 32, 2, 505, 'user.png', NULL, '9335595883', NULL, NULL, '2022-01-14 06:33:34', '2022-01-14 08:13:35', 0, NULL);

-- --------------------------------------------------------

--
-- Table structure for table `society_documents`
--

CREATE TABLE `society_documents` (
  `id` int(11) NOT NULL,
  `society_id` int(11) NOT NULL,
  `file` varchar(255) NOT NULL,
  `created_at` timestamp NOT NULL DEFAULT CURRENT_TIMESTAMP,
  `updated_at` timestamp NOT NULL DEFAULT CURRENT_TIMESTAMP
) ENGINE=InnoDB DEFAULT CHARSET=latin1;

-- --------------------------------------------------------

--
-- Table structure for table `society_information`
--

CREATE TABLE `society_information` (
  `id` int(11) NOT NULL,
  `title` varchar(255) DEFAULT NULL,
  `society_id` varchar(255) DEFAULT NULL,
  `number` varchar(255) DEFAULT NULL,
  `status` int(11) NOT NULL DEFAULT '1',
  `created_at` timestamp NOT NULL DEFAULT CURRENT_TIMESTAMP,
  `updated_at` timestamp NOT NULL DEFAULT CURRENT_TIMESTAMP
) ENGINE=InnoDB DEFAULT CHARSET=latin1;

--
-- Dumping data for table `society_information`
--

INSERT INTO `society_information` (`id`, `title`, `society_id`, `number`, `status`, `created_at`, `updated_at`) VALUES
(1, 'Police', '2', '100', 1, '2022-01-14 07:08:05', '2022-01-14 07:08:05');

-- --------------------------------------------------------

--
-- Table structure for table `staff_attendance`
--

CREATE TABLE `staff_attendance` (
  `id` int(11) NOT NULL,
  `staff_id` varchar(255) DEFAULT NULL,
  `date` date DEFAULT NULL,
  `in_time` time DEFAULT NULL,
  `out_time` time DEFAULT NULL,
  `status` int(11) NOT NULL DEFAULT '1',
  `created_at` timestamp NOT NULL DEFAULT CURRENT_TIMESTAMP,
  `updated_at` timestamp NOT NULL DEFAULT CURRENT_TIMESTAMP
) ENGINE=InnoDB DEFAULT CHARSET=latin1;

-- --------------------------------------------------------

--
-- Table structure for table `states`
--

CREATE TABLE `states` (
  `id` int(11) NOT NULL,
  `name` varchar(50) NOT NULL,
  `created_at` timestamp NOT NULL DEFAULT CURRENT_TIMESTAMP,
  `updated_at` timestamp NOT NULL DEFAULT CURRENT_TIMESTAMP,
  `status` int(11) NOT NULL DEFAULT '1'
) ENGINE=InnoDB DEFAULT CHARSET=latin1;

--
-- Dumping data for table `states`
--

INSERT INTO `states` (`id`, `name`, `created_at`, `updated_at`, `status`) VALUES
(1, 'ANDAMAN AND NICOBAR ISLANDS', '2021-06-24 03:30:12', '2021-12-10 03:38:37', 1),
(2, 'ANDHRA PRADESH', '2021-06-24 03:30:12', '2021-06-24 03:30:12', 1),
(3, 'ARUNACHAL PRADESH', '2021-06-24 03:30:12', '2021-06-24 03:30:12', 1),
(4, 'ASSAM', '2021-06-24 03:30:12', '2021-06-24 03:30:12', 1),
(5, 'BIHAR', '2021-06-24 03:30:12', '2021-06-24 03:30:12', 1),
(6, 'CHANDIGARH', '2021-06-24 03:30:12', '2021-06-24 03:30:12', 1),
(7, 'CHHATTISGARH', '2021-06-24 03:30:12', '2021-06-24 03:30:12', 1),
(8, 'DADRA AND NAGAR HAVELI', '2021-06-24 03:30:12', '2021-06-24 03:30:12', 1),
(9, 'DELHI', '2021-06-24 03:30:12', '2021-07-06 08:07:38', 1),
(10, 'GOA', '2021-06-24 03:30:12', '2021-06-24 03:30:12', 1),
(11, 'GUJARAT', '2021-06-24 03:30:12', '2021-06-24 03:30:12', 1),
(12, 'HARYANA', '2021-06-24 03:30:12', '2021-06-24 03:30:12', 1),
(13, 'HIMACHAL PRADESH', '2021-06-24 03:30:12', '2021-06-24 03:30:12', 1),
(14, 'JAMMU AND KASHMIR', '2021-06-24 03:30:12', '2021-12-10 03:38:24', 1),
(15, 'JHARKHAND', '2021-06-24 03:30:12', '2021-06-24 03:30:12', 1),
(16, 'KARNATAKA', '2021-06-24 03:30:12', '2021-06-24 03:30:12', 1),
(17, 'KARNATKA', '2021-06-24 03:30:12', '2021-06-24 03:30:12', 1),
(18, 'KERALA', '2021-06-24 03:30:12', '2021-06-24 03:30:12', 1),
(19, 'MADHYA PRADESH', '2021-06-24 03:30:12', '2021-06-24 03:30:12', 1),
(20, 'MAHARASHTRA', '2021-06-24 03:30:12', '2021-06-24 03:30:12', 1),
(21, 'MANIPUR', '2021-06-24 03:30:12', '2021-06-24 03:30:12', 1),
(22, 'MEGHALAYA', '2021-06-24 03:30:12', '2021-06-24 03:30:12', 1),
(23, 'MIZORAM', '2021-06-24 03:30:12', '2021-06-24 03:30:12', 1),
(24, 'NAGALAND', '2021-06-24 03:30:12', '2021-06-24 03:30:12', 1),
(25, 'ODISHA', '2021-06-24 03:30:12', '2021-06-24 03:30:12', 1),
(26, 'PUDUCHERRY', '2021-06-24 03:30:12', '2021-06-24 03:30:12', 1),
(27, 'PUNJAB', '2021-06-24 03:30:12', '2021-06-24 03:30:12', 1),
(28, 'RAJASTHAN', '2021-06-24 03:30:12', '2021-06-24 03:30:12', 1),
(29, 'TAMIL NADU', '2021-06-24 03:30:12', '2021-06-24 03:30:12', 1),
(30, 'TELANGANA', '2021-06-24 03:30:12', '2021-06-24 03:30:12', 1),
(31, 'TRIPURA', '2021-06-24 03:30:12', '2021-06-24 03:30:12', 1),
(32, 'UTTAR PRADESH', '2021-06-24 03:30:12', '2021-06-24 03:30:12', 1),
(33, 'UTTARAKHAND', '2021-06-24 03:30:12', '2021-06-24 03:30:12', 1),
(34, 'WEST BENGAL', '2021-06-24 03:30:12', '2021-06-24 03:30:12', 1);

-- --------------------------------------------------------

--
-- Table structure for table `user_daily_help`
--

CREATE TABLE `user_daily_help` (
  `id` int(11) NOT NULL,
  `service_id` bigint(20) NOT NULL,
  `service_user_id` bigint(20) NOT NULL,
  `flat_id` bigint(20) NOT NULL,
  `status` int(11) NOT NULL DEFAULT '1',
  `created_at` timestamp NOT NULL DEFAULT CURRENT_TIMESTAMP,
  `updated_at` timestamp NOT NULL DEFAULT CURRENT_TIMESTAMP
) ENGINE=InnoDB DEFAULT CHARSET=latin1;

--
-- Dumping data for table `user_daily_help`
--

INSERT INTO `user_daily_help` (`id`, `service_id`, `service_user_id`, `flat_id`, `status`, `created_at`, `updated_at`) VALUES
(3, 2, 2, 1, 1, '2022-01-14 07:17:25', '2022-01-14 07:17:25');

-- --------------------------------------------------------

--
-- Table structure for table `user_documents`
--

CREATE TABLE `user_documents` (
  `id` int(11) NOT NULL,
  `parent` int(11) NOT NULL DEFAULT '0',
  `user_id` int(11) NOT NULL,
  `type` varchar(255) DEFAULT NULL,
  `title` varchar(255) DEFAULT NULL,
  `description` varchar(255) DEFAULT NULL,
  `file` varchar(255) NOT NULL,
  `created_at` timestamp NOT NULL DEFAULT CURRENT_TIMESTAMP,
  `updated_at` timestamp NOT NULL DEFAULT CURRENT_TIMESTAMP,
  `status` int(11) NOT NULL DEFAULT '1'
) ENGINE=InnoDB DEFAULT CHARSET=latin1;

--
-- Dumping data for table `user_documents`
--

INSERT INTO `user_documents` (`id`, `parent`, `user_id`, `type`, `title`, `description`, `file`, `created_at`, `updated_at`, `status`) VALUES
(1, 0, 3, 'jpeg', 'Adhar', NULL, '3_user_document1640710723.jpeg', '2021-12-28 16:58:43', '2021-12-28 16:58:43', 1),
(2, 0, 5, 'jpg', 'ghhh', NULL, '5_user_document1640777724.jpg', '2021-12-29 11:35:24', '2021-12-29 11:35:24', 1);

-- --------------------------------------------------------

--
-- Table structure for table `user_logins`
--

CREATE TABLE `user_logins` (
  `id` int(11) NOT NULL,
  `user_id` int(11) NOT NULL,
  `deviceType` varchar(255) DEFAULT NULL,
  `deviceID` varchar(255) DEFAULT NULL,
  `deviceToken` varchar(255) DEFAULT NULL,
  `ip_address` varchar(255) NOT NULL,
  `created_at` timestamp NOT NULL DEFAULT CURRENT_TIMESTAMP,
  `updated_at` timestamp NOT NULL DEFAULT CURRENT_TIMESTAMP
) ENGINE=MyISAM DEFAULT CHARSET=latin1;

--
-- Dumping data for table `user_logins`
--

INSERT INTO `user_logins` (`id`, `user_id`, `deviceType`, `deviceID`, `deviceToken`, `ip_address`, `created_at`, `updated_at`) VALUES
(1, 6, 'Andriod', 'sdadas', 'cQJLUwroSASTxHWfO1fWF3:APA91bH-t_KZUolOtiblU1Kxw97Bk57FEuukCF-gzShiGv3jqUC8oUk9h0L6Ky4zv4zFQ0R2IdJTjy341esyqQnjlzMaMDrbm7O7aRMZjiKzWHLZzfgBo8p39UhLh-gGFMw3M5hwXqAv', '103.212.159.100', '2022-01-14 08:13:26', '2022-01-14 08:13:26'),
(2, 5, 'Andriod', 'sdadas', 'faI_uIDSTLm5BGZo4fPJyy:APA91bGgZR3e08_Z4TQMxS5yVJCwC0JS5yaUhJI_gjfOhl34XA32V5Sdfxf5rJQ8xx_yq_wn2KTTDg7stoVP0TWSiAgjqtrrzXIqAtnGZ98yik9dTpRzDb5JwIsieeY1clGsKUzS1vOL', '122.161.52.167', '2022-01-14 08:15:54', '2022-01-14 08:15:54'),
(3, 2, 'Andriod', 'sdadas', 'e1BtomY7TqGxIpyL0ubnAh:APA91bGXeWbkjzhn21WUftV3pWKIhEhAMcwFlYHsXVVHB7fAc9eTnbup4Bjco8SEOzJJF2ygUq1vpK1UwhqdWbZ2vhK0M7CF2oqvi-mPGAzkb4wLBUxB8OsfcFUCyaa0BuFGAr6M-nv8', '223.179.133.164', '2022-01-14 08:26:56', '2022-01-14 08:29:40');

-- --------------------------------------------------------

--
-- Table structure for table `user_otp`
--

CREATE TABLE `user_otp` (
  `id` int(11) NOT NULL,
  `mobile` varchar(255) DEFAULT NULL,
  `otp` varchar(255) NOT NULL,
  `created_at` timestamp NOT NULL DEFAULT CURRENT_TIMESTAMP,
  `timestamp` varchar(255) DEFAULT NULL,
  `updated_at` timestamp NOT NULL DEFAULT CURRENT_TIMESTAMP
) ENGINE=InnoDB DEFAULT CHARSET=latin1;

--
-- Dumping data for table `user_otp`
--

INSERT INTO `user_otp` (`id`, `mobile`, `otp`, `created_at`, `timestamp`, `updated_at`) VALUES
(1, '8937823310', '1234', '2021-12-28 11:46:33', '2022-01-14 11:57:38', '2022-01-14 06:12:38'),
(2, '7905056344', '1234', '2021-12-28 15:59:17', '2022-01-14 14:14:36', '2022-01-14 08:29:36'),
(3, '8512036350', '1234', '2021-12-28 16:07:57', '2022-01-14 13:45:46', '2022-01-14 08:00:46'),
(4, '7017004492', '1234', '2021-12-29 09:10:30', '2022-01-14 14:17:34', '2022-01-14 08:32:34'),
(5, '893823310', '1234', '2022-01-05 11:34:07', '2022-01-05 17:19:07', '2022-01-05 11:34:07'),
(6, '9335595883', '1234', '2022-01-14 06:14:33', '2022-01-14 13:58:23', '2022-01-14 08:13:23');

-- --------------------------------------------------------

--
-- Table structure for table `user_vehicle`
--

CREATE TABLE `user_vehicle` (
  `id` int(11) NOT NULL,
  `flat_id` varchar(255) NOT NULL,
  `car_name` varchar(255) NOT NULL,
  `vehicle_no` varchar(255) NOT NULL,
  `parking_no` varchar(255) DEFAULT NULL,
  `image` varchar(255) DEFAULT NULL,
  `type` varchar(255) NOT NULL,
  `status` varchar(255) NOT NULL DEFAULT '1',
  `created_at` timestamp NOT NULL DEFAULT CURRENT_TIMESTAMP,
  `updated_at` timestamp NOT NULL DEFAULT CURRENT_TIMESTAMP
) ENGINE=InnoDB DEFAULT CHARSET=latin1;

--
-- Dumping data for table `user_vehicle`
--

INSERT INTO `user_vehicle` (`id`, `flat_id`, `car_name`, `vehicle_no`, `parking_no`, `image`, `type`, `status`, `created_at`, `updated_at`) VALUES
(1, '1', 'maruru', 'up32as 6666', '', '', '4', '1', '2021-12-28 16:47:48', '2022-01-04 04:46:00'),
(2, '1', 'Speldoe', 'up53ay 5454', NULL, '', '2', '1', '2022-01-11 18:40:09', '2022-01-11 18:40:09');

-- --------------------------------------------------------

--
-- Table structure for table `visitors`
--

CREATE TABLE `visitors` (
  `id` int(11) NOT NULL,
  `user_id` int(11) NOT NULL,
  `visitor_name` varchar(255) NOT NULL,
  `reason` varchar(255) NOT NULL,
  `phone` varchar(255) NOT NULL,
  `entry_at` timestamp NULL DEFAULT NULL,
  `exit_at` timestamp NULL DEFAULT NULL,
  `is_verified` int(11) NOT NULL DEFAULT '0',
  `is_exit` int(11) NOT NULL DEFAULT '0',
  `society_id` bigint(11) NOT NULL,
  `otp` varchar(255) DEFAULT NULL,
  `date` date NOT NULL,
  `time` time NOT NULL,
  `created_at` timestamp NOT NULL DEFAULT CURRENT_TIMESTAMP,
  `updated_at` timestamp NOT NULL DEFAULT CURRENT_TIMESTAMP
) ENGINE=InnoDB DEFAULT CHARSET=latin1;

--
-- Dumping data for table `visitors`
--

INSERT INTO `visitors` (`id`, `user_id`, `visitor_name`, `reason`, `phone`, `entry_at`, `exit_at`, `is_verified`, `is_exit`, `society_id`, `otp`, `date`, `time`, `created_at`, `updated_at`) VALUES
(1, 3, 'shubham', 'personal', '7905056344', NULL, NULL, 0, 0, 1, '123456', '2021-12-28', '22:02:00', '2021-12-28 16:29:42', '2021-12-28 16:29:42'),
(2, 3, 'Vaibha', 'personal', '7017004492', NULL, NULL, 0, 0, 1, '123456', '2021-12-29', '12:51:00', '2021-12-29 07:22:09', '2021-12-29 07:22:09'),
(3, 3, 'Gaurav', 'personal', '8885858585', NULL, NULL, 0, 0, 1, '123456', '2022-01-07', '23:58:00', '2022-01-07 17:29:18', '2022-01-07 17:29:18'),
(4, 3, 'Shubham', 'personal', '7905056344', NULL, NULL, 0, 0, 1, '123456', '2022-01-11', '23:55:00', '2022-01-11 17:31:51', '2022-01-11 17:31:51');

--
-- Indexes for dumped tables
--

--
-- Indexes for table `activity_log`
--
ALTER TABLE `activity_log`
  ADD PRIMARY KEY (`id`);

--
-- Indexes for table `admins`
--
ALTER TABLE `admins`
  ADD PRIMARY KEY (`id`);

--
-- Indexes for table `banners`
--
ALTER TABLE `banners`
  ADD PRIMARY KEY (`id`);

--
-- Indexes for table `billings`
--
ALTER TABLE `billings`
  ADD PRIMARY KEY (`id`);

--
-- Indexes for table `blocks`
--
ALTER TABLE `blocks`
  ADD PRIMARY KEY (`id`);

--
-- Indexes for table `booking_request`
--
ALTER TABLE `booking_request`
  ADD PRIMARY KEY (`id`);

--
-- Indexes for table `chats`
--
ALTER TABLE `chats`
  ADD PRIMARY KEY (`id`);

--
-- Indexes for table `cities`
--
ALTER TABLE `cities`
  ADD PRIMARY KEY (`id`),
  ADD KEY `state_id` (`state_id`);

--
-- Indexes for table `complaints`
--
ALTER TABLE `complaints`
  ADD PRIMARY KEY (`id`);

--
-- Indexes for table `events`
--
ALTER TABLE `events`
  ADD PRIMARY KEY (`id`);

--
-- Indexes for table `flats`
--
ALTER TABLE `flats`
  ADD PRIMARY KEY (`id`);

--
-- Indexes for table `flat_categories`
--
ALTER TABLE `flat_categories`
  ADD PRIMARY KEY (`id`);

--
-- Indexes for table `guards`
--
ALTER TABLE `guards`
  ADD PRIMARY KEY (`id`);

--
-- Indexes for table `guard_banner`
--
ALTER TABLE `guard_banner`
  ADD PRIMARY KEY (`id`);

--
-- Indexes for table `guard_logins`
--
ALTER TABLE `guard_logins`
  ADD PRIMARY KEY (`id`);

--
-- Indexes for table `guard_visitors`
--
ALTER TABLE `guard_visitors`
  ADD PRIMARY KEY (`id`),
  ADD KEY `society_id` (`society_id`);

--
-- Indexes for table `guard_visitor_info`
--
ALTER TABLE `guard_visitor_info`
  ADD PRIMARY KEY (`id`);

--
-- Indexes for table `new`
--
ALTER TABLE `new`
  ADD PRIMARY KEY (`id`);

--
-- Indexes for table `notice_boards`
--
ALTER TABLE `notice_boards`
  ADD PRIMARY KEY (`id`);

--
-- Indexes for table `notice_board_documents`
--
ALTER TABLE `notice_board_documents`
  ADD PRIMARY KEY (`id`);

--
-- Indexes for table `notifications`
--
ALTER TABLE `notifications`
  ADD PRIMARY KEY (`id`);

--
-- Indexes for table `notification_documents`
--
ALTER TABLE `notification_documents`
  ADD PRIMARY KEY (`id`);

--
-- Indexes for table `payments`
--
ALTER TABLE `payments`
  ADD PRIMARY KEY (`id`);

--
-- Indexes for table `permission`
--
ALTER TABLE `permission`
  ADD PRIMARY KEY (`id`);

--
-- Indexes for table `roles`
--
ALTER TABLE `roles`
  ADD PRIMARY KEY (`id`);

--
-- Indexes for table `send_notification_type`
--
ALTER TABLE `send_notification_type`
  ADD PRIMARY KEY (`id`);

--
-- Indexes for table `services`
--
ALTER TABLE `services`
  ADD PRIMARY KEY (`id`);

--
-- Indexes for table `service_details`
--
ALTER TABLE `service_details`
  ADD PRIMARY KEY (`id`);

--
-- Indexes for table `service_users`
--
ALTER TABLE `service_users`
  ADD PRIMARY KEY (`id`),
  ADD KEY `service_id` (`service_id`);

--
-- Indexes for table `setting`
--
ALTER TABLE `setting`
  ADD PRIMARY KEY (`id`);

--
-- Indexes for table `settings`
--
ALTER TABLE `settings`
  ADD PRIMARY KEY (`id`);

--
-- Indexes for table `societies`
--
ALTER TABLE `societies`
  ADD PRIMARY KEY (`id`);

--
-- Indexes for table `societyadmins`
--
ALTER TABLE `societyadmins`
  ADD PRIMARY KEY (`id`);

--
-- Indexes for table `societyusers`
--
ALTER TABLE `societyusers`
  ADD PRIMARY KEY (`id`),
  ADD KEY `id` (`id`),
  ADD KEY `name` (`name`),
  ADD KEY `email` (`email`),
  ADD KEY `phone` (`phone`),
  ADD KEY `society_id` (`society_id`),
  ADD KEY `block_id` (`block_id`),
  ADD KEY `flat_no` (`flat_no`);

--
-- Indexes for table `society_documents`
--
ALTER TABLE `society_documents`
  ADD PRIMARY KEY (`id`);

--
-- Indexes for table `society_information`
--
ALTER TABLE `society_information`
  ADD PRIMARY KEY (`id`);

--
-- Indexes for table `staff_attendance`
--
ALTER TABLE `staff_attendance`
  ADD PRIMARY KEY (`id`);

--
-- Indexes for table `states`
--
ALTER TABLE `states`
  ADD PRIMARY KEY (`id`);

--
-- Indexes for table `user_daily_help`
--
ALTER TABLE `user_daily_help`
  ADD PRIMARY KEY (`id`);

--
-- Indexes for table `user_documents`
--
ALTER TABLE `user_documents`
  ADD PRIMARY KEY (`id`);

--
-- Indexes for table `user_logins`
--
ALTER TABLE `user_logins`
  ADD PRIMARY KEY (`id`);

--
-- Indexes for table `user_otp`
--
ALTER TABLE `user_otp`
  ADD PRIMARY KEY (`id`);

--
-- Indexes for table `user_vehicle`
--
ALTER TABLE `user_vehicle`
  ADD PRIMARY KEY (`id`);

--
-- Indexes for table `visitors`
--
ALTER TABLE `visitors`
  ADD PRIMARY KEY (`id`);

--
-- AUTO_INCREMENT for dumped tables
--

--
-- AUTO_INCREMENT for table `activity_log`
--
ALTER TABLE `activity_log`
  MODIFY `id` int(11) NOT NULL AUTO_INCREMENT;

--
-- AUTO_INCREMENT for table `admins`
--
ALTER TABLE `admins`
  MODIFY `id` int(11) NOT NULL AUTO_INCREMENT, AUTO_INCREMENT=6;

--
-- AUTO_INCREMENT for table `banners`
--
ALTER TABLE `banners`
  MODIFY `id` int(11) NOT NULL AUTO_INCREMENT, AUTO_INCREMENT=3;

--
-- AUTO_INCREMENT for table `billings`
--
ALTER TABLE `billings`
  MODIFY `id` int(11) NOT NULL AUTO_INCREMENT, AUTO_INCREMENT=4;

--
-- AUTO_INCREMENT for table `blocks`
--
ALTER TABLE `blocks`
  MODIFY `id` int(11) NOT NULL AUTO_INCREMENT, AUTO_INCREMENT=3;

--
-- AUTO_INCREMENT for table `booking_request`
--
ALTER TABLE `booking_request`
  MODIFY `id` int(11) NOT NULL AUTO_INCREMENT;

--
-- AUTO_INCREMENT for table `chats`
--
ALTER TABLE `chats`
  MODIFY `id` int(11) NOT NULL AUTO_INCREMENT, AUTO_INCREMENT=5;

--
-- AUTO_INCREMENT for table `cities`
--
ALTER TABLE `cities`
  MODIFY `id` int(11) NOT NULL AUTO_INCREMENT, AUTO_INCREMENT=514;

--
-- AUTO_INCREMENT for table `complaints`
--
ALTER TABLE `complaints`
  MODIFY `id` int(11) NOT NULL AUTO_INCREMENT, AUTO_INCREMENT=5;

--
-- AUTO_INCREMENT for table `events`
--
ALTER TABLE `events`
  MODIFY `id` int(11) NOT NULL AUTO_INCREMENT;

--
-- AUTO_INCREMENT for table `flats`
--
ALTER TABLE `flats`
  MODIFY `id` int(11) NOT NULL AUTO_INCREMENT, AUTO_INCREMENT=3;

--
-- AUTO_INCREMENT for table `flat_categories`
--
ALTER TABLE `flat_categories`
  MODIFY `id` int(11) NOT NULL AUTO_INCREMENT, AUTO_INCREMENT=2;

--
-- AUTO_INCREMENT for table `guards`
--
ALTER TABLE `guards`
  MODIFY `id` int(11) NOT NULL AUTO_INCREMENT, AUTO_INCREMENT=3;

--
-- AUTO_INCREMENT for table `guard_banner`
--
ALTER TABLE `guard_banner`
  MODIFY `id` int(11) NOT NULL AUTO_INCREMENT, AUTO_INCREMENT=2;

--
-- AUTO_INCREMENT for table `guard_logins`
--
ALTER TABLE `guard_logins`
  MODIFY `id` int(11) NOT NULL AUTO_INCREMENT, AUTO_INCREMENT=3;

--
-- AUTO_INCREMENT for table `guard_visitors`
--
ALTER TABLE `guard_visitors`
  MODIFY `id` int(11) NOT NULL AUTO_INCREMENT, AUTO_INCREMENT=77;

--
-- AUTO_INCREMENT for table `guard_visitor_info`
--
ALTER TABLE `guard_visitor_info`
  MODIFY `id` int(11) NOT NULL AUTO_INCREMENT, AUTO_INCREMENT=79;

--
-- AUTO_INCREMENT for table `new`
--
ALTER TABLE `new`
  MODIFY `id` int(11) NOT NULL AUTO_INCREMENT, AUTO_INCREMENT=2;

--
-- AUTO_INCREMENT for table `notice_boards`
--
ALTER TABLE `notice_boards`
  MODIFY `id` int(11) NOT NULL AUTO_INCREMENT, AUTO_INCREMENT=2;

--
-- AUTO_INCREMENT for table `notice_board_documents`
--
ALTER TABLE `notice_board_documents`
  MODIFY `id` int(11) NOT NULL AUTO_INCREMENT, AUTO_INCREMENT=5;

--
-- AUTO_INCREMENT for table `notifications`
--
ALTER TABLE `notifications`
  MODIFY `id` int(11) NOT NULL AUTO_INCREMENT, AUTO_INCREMENT=156;

--
-- AUTO_INCREMENT for table `notification_documents`
--
ALTER TABLE `notification_documents`
  MODIFY `id` int(11) NOT NULL AUTO_INCREMENT;

--
-- AUTO_INCREMENT for table `payments`
--
ALTER TABLE `payments`
  MODIFY `id` int(11) NOT NULL AUTO_INCREMENT, AUTO_INCREMENT=4;

--
-- AUTO_INCREMENT for table `permission`
--
ALTER TABLE `permission`
  MODIFY `id` int(11) NOT NULL AUTO_INCREMENT;

--
-- AUTO_INCREMENT for table `roles`
--
ALTER TABLE `roles`
  MODIFY `id` int(11) NOT NULL AUTO_INCREMENT;

--
-- AUTO_INCREMENT for table `send_notification_type`
--
ALTER TABLE `send_notification_type`
  MODIFY `id` int(11) NOT NULL AUTO_INCREMENT;

--
-- AUTO_INCREMENT for table `services`
--
ALTER TABLE `services`
  MODIFY `id` int(11) NOT NULL AUTO_INCREMENT, AUTO_INCREMENT=3;

--
-- AUTO_INCREMENT for table `service_details`
--
ALTER TABLE `service_details`
  MODIFY `id` int(11) NOT NULL AUTO_INCREMENT;

--
-- AUTO_INCREMENT for table `service_users`
--
ALTER TABLE `service_users`
  MODIFY `id` int(11) NOT NULL AUTO_INCREMENT, AUTO_INCREMENT=3;

--
-- AUTO_INCREMENT for table `setting`
--
ALTER TABLE `setting`
  MODIFY `id` int(11) NOT NULL AUTO_INCREMENT;

--
-- AUTO_INCREMENT for table `settings`
--
ALTER TABLE `settings`
  MODIFY `id` int(11) NOT NULL AUTO_INCREMENT;

--
-- AUTO_INCREMENT for table `societies`
--
ALTER TABLE `societies`
  MODIFY `id` int(11) NOT NULL AUTO_INCREMENT, AUTO_INCREMENT=3;

--
-- AUTO_INCREMENT for table `societyadmins`
--
ALTER TABLE `societyadmins`
  MODIFY `id` int(11) NOT NULL AUTO_INCREMENT;

--
-- AUTO_INCREMENT for table `societyusers`
--
ALTER TABLE `societyusers`
  MODIFY `id` int(11) NOT NULL AUTO_INCREMENT, AUTO_INCREMENT=7;

--
-- AUTO_INCREMENT for table `society_documents`
--
ALTER TABLE `society_documents`
  MODIFY `id` int(11) NOT NULL AUTO_INCREMENT;

--
-- AUTO_INCREMENT for table `society_information`
--
ALTER TABLE `society_information`
  MODIFY `id` int(11) NOT NULL AUTO_INCREMENT, AUTO_INCREMENT=2;

--
-- AUTO_INCREMENT for table `staff_attendance`
--
ALTER TABLE `staff_attendance`
  MODIFY `id` int(11) NOT NULL AUTO_INCREMENT;

--
-- AUTO_INCREMENT for table `states`
--
ALTER TABLE `states`
  MODIFY `id` int(11) NOT NULL AUTO_INCREMENT, AUTO_INCREMENT=35;

--
-- AUTO_INCREMENT for table `user_daily_help`
--
ALTER TABLE `user_daily_help`
  MODIFY `id` int(11) NOT NULL AUTO_INCREMENT, AUTO_INCREMENT=4;

--
-- AUTO_INCREMENT for table `user_documents`
--
ALTER TABLE `user_documents`
  MODIFY `id` int(11) NOT NULL AUTO_INCREMENT, AUTO_INCREMENT=3;

--
-- AUTO_INCREMENT for table `user_logins`
--
ALTER TABLE `user_logins`
  MODIFY `id` int(11) NOT NULL AUTO_INCREMENT, AUTO_INCREMENT=4;

--
-- AUTO_INCREMENT for table `user_otp`
--
ALTER TABLE `user_otp`
  MODIFY `id` int(11) NOT NULL AUTO_INCREMENT, AUTO_INCREMENT=7;

--
-- AUTO_INCREMENT for table `user_vehicle`
--
ALTER TABLE `user_vehicle`
  MODIFY `id` int(11) NOT NULL AUTO_INCREMENT, AUTO_INCREMENT=3;

--
-- AUTO_INCREMENT for table `visitors`
--
ALTER TABLE `visitors`
  MODIFY `id` int(11) NOT NULL AUTO_INCREMENT, AUTO_INCREMENT=5;
COMMIT;

/*!40101 SET CHARACTER_SET_CLIENT=@OLD_CHARACTER_SET_CLIENT */;
/*!40101 SET CHARACTER_SET_RESULTS=@OLD_CHARACTER_SET_RESULTS */;
/*!40101 SET COLLATION_CONNECTION=@OLD_COLLATION_CONNECTION */;
